{"name": "Y Ese Silbido", "version": "1.0", "location": {"callable": {"_m1_00action_file__newest_slot": ["renpy/common/00action_file.rpy", 146], "Help.__call__": ["renpy/common/00action_menu.rpy", 315], "Play.periodic": ["renpy/common/00action_audio.rpy", 75], "InputValue.enter": ["renpy/common/00inputvalues.rpy", 93], "_m1_00gltest__gl_test": ["renpy/common/00gltest.rpy", 340], "director.SetList.get_selected": ["renpy/common/00director.rpy", 1100], "_warper.easeout_quad": ["renpy/common/000atl.rpy", 61], "MusicRoom.SetSingleTrack": ["renpy/common/00musicroom.rpy", 478], "FieldInputValue.__init__": ["renpy/common/00inputvalues.rpy", 209], "gui._scale": ["renpy/common/_errorhandling.rpym", 49], "Gallery.show": ["renpy/common/00gallery.rpy", 435], "_gamepad.EventWatcher.__init__": ["renpy/common/00gamepad.rpy", 81], "DictValue.get_style": ["renpy/common/00barvalues.rpy", 206], "layeredimage.Layer.__init__": ["renpy/common/00layeredimage.rpy", 93], "Return.__call__": ["renpy/common/00action_control.rpy", 56], "NVLCharacter.do_add": ["renpy/common/00nvl_mode.rpy", 339], "alt": ["renpy/common/00accessibility.rpy", 46], "XScrollValue.get_adjustment": ["renpy/common/00barvalues.rpy", 479], "director.Commit.get_sensitive": ["renpy/common/00director.rpy", 1207], "director.ToggleList.__call__": ["renpy/common/00director.rpy", 1114], "_CopyFile.__call__": ["renpy/common/_errorhandling.rpym", 440], "Placeholder.__init__": ["renpy/common/00placeholder.rpy", 35], "FieldValue.get_style": ["renpy/common/00barvalues.rpy", 301], "nvl_show": ["renpy/common/00nvl_mode.rpy", 239], "iap.IOSBackend.identifier": ["renpy/common/00iap.rpy", 219], "director.ToggleAttribute.__init__": ["renpy/common/00director.rpy", 1060], "Function.__init__": ["renpy/common/00action_other.rpy", 528], "DictInputValue.__init__": ["renpy/common/00inputvalues.rpy", 241], "_m1_developer__ImageLocationPicker.render": ["renpy/common/_developer/developer.rpym", 424], "_InputValueAction.__call__": ["renpy/common/00inputvalues.rpy", 33], "layeredimage.RawAttributeGroup.execute": ["renpy/common/00layeredimage.rpy", 280], "ScreenVariableInputValue.set_text": ["renpy/common/00inputvalues.rpy", 183], "director.SemiModal.event": ["renpy/common/00director.rpy", 1303], "_try_eval": ["renpy/common/000statements.rpy", 34], "iap.AndroidBackend.has_purchased": ["renpy/common/00iap.rpy", 168], "achievement.PersistentBackend.has": ["renpy/common/00achievement.rpy", 89], "_console.DebugConsole.__init__": ["renpy/common/00console.rpy", 243], "PauseAudio.__call__": ["renpy/common/00action_audio.rpy", 246], "director.SetAudio.__init__": ["renpy/common/00director.rpy", 1168], "iap.purchase": ["renpy/common/00iap.rpy", 397], "XScrollValue.__init__": ["renpy/common/00barvalues.rpy", 476], "SensitiveIf.__init__": ["renpy/common/00action_other.rpy", 123], "_m1_00gallery__GalleryAllPriorCondition.check": ["renpy/common/00gallery.rpy", 26], "Confirm.get_tooltip": ["renpy/common/00action_other.rpy", 587], "_warper.ease_elastic": ["renpy/common/000atl.rpy", 192], "Jump.__init__": ["renpy/common/00action_control.rpy", 75], "_m1__errorhandling__TooltipAction.unhovered": ["renpy/common/_errorhandling.rpym", 466], "iap.IOSBackend.is_deferred": ["renpy/common/00iap.rpy", 275], "layeredimage.LayeredImage.add": ["renpy/common/00layeredimage.rpy", 609], "_m1_00gltest__GLTest.__init__": ["renpy/common/00gltest.rpy", 293], "director.component_key": ["renpy/common/00director.rpy", 1337], "MouseMove.__call__": ["renpy/common/00action_other.rpy", 483], "director.SetList.__init__": ["renpy/common/00director.rpy", 1088], "ToggleSetMembership.__init__": ["renpy/common/00action_data.rpy", 471], "layeredimage.parse_always": ["renpy/common/00layeredimage.rpy", 860], "StaticValue.__init__": ["renpy/common/00barvalues.rpy", 38], "MixerValue.__init__": ["renpy/common/00barvalues.rpy", 449], "iap.Purchase.__call__": ["renpy/common/00iap.rpy", 448], "achievement.progress": ["renpy/common/00achievement.rpy", 294], "DictValue.get_adjustment": ["renpy/common/00barvalues.rpy", 186], "layeredimage.LayeredImageProxy.__init__": ["renpy/common/00layeredimage.rpy", 1082], "updater.Updater.test_write": ["renpy/common/00updater.rpy", 683], "FileDelete.__call__": ["renpy/common/00action_file.rpy", 496], "NVLSpeaker.do_extend": ["renpy/common/00nvl_mode.rpy", 407], "_console.DebugConsole.older": ["renpy/common/00console.rpy", 309], "_console.BoundedList.append": ["renpy/common/00console.rpy", 159], "With.__init__": ["renpy/common/00action_other.rpy", 186], "layeredimage.RawAttribute.__init__": ["renpy/common/00layeredimage.rpy", 250], "_joystick_preferences": ["renpy/common/_layout/classic_joystick_preferences.rpym", 87], "Confirm.get_sensitive": ["renpy/common/00action_other.rpy", 578], "_warper.ease_quad": ["renpy/common/000atl.rpy", 69], "director.get_stop_statement": ["renpy/common/00director.rpy", 403], "director.SemiModal.get_placement": ["renpy/common/00director.rpy", 1327], "build.classify": ["renpy/common/00build.rpy", 170], "registerClick.__call__": ["game/hidden_code.rpy", 4], "FileSave.get_sensitive": ["renpy/common/00action_file.rpy", 376], "InputValue.set_text": ["renpy/common/00inputvalues.rpy", 90], "ToggleScreen.__call__": ["renpy/common/00action_control.rpy", 159], "FilePageNameInputValue.set_text": ["renpy/common/00action_file.rpy", 680], "_warper.easeout_bounce": ["renpy/common/000atl.rpy", 214], "director.audio_filename_to_code": ["renpy/common/00director.rpy", 103], "StylePreference.get_selected": ["renpy/common/00stylepreferences.rpy", 186], "iap.with_background": ["renpy/common/00iap.rpy", 348], "_console.ConsoleHistoryEntry.update_lines": ["renpy/common/00console.rpy", 184], "director.get_ordered_attributes": ["renpy/common/00director.rpy", 658], "resetItems": ["game/hidden_code.rpy", 75], "layeredimage.parse_conditions": ["renpy/common/00layeredimage.rpy", 987], "NullAction.__call__": ["renpy/common/00action_control.rpy", 35], "_predict_screens": ["renpy/common/00library.rpy", 230], "achievement.SteamBackend.register": ["renpy/common/00achievement.rpy", 148], "director.is_play": ["renpy/common/00director.rpy", 109], "FilePagePrevious.get_sensitive": ["renpy/common/00action_file.rpy", 885], "_warper.easein_expo": ["renpy/common/000atl.rpy", 133], "_warper.easein_bounce": ["renpy/common/000atl.rpy", 201], "_console.watch": ["renpy/common/00console.rpy", 595], "gui.TogglePreference.__call__": ["renpy/common/00gui.rpy", 172], "_warper.easeout_circ": ["renpy/common/000atl.rpy", 146], "layeredimage.Condition.apply_format": ["renpy/common/00layeredimage.rpy", 366], "SetScreenVariable.get_selected": ["renpy/common/00action_data.rpy", 148], "_warper.easeout_quint": ["renpy/common/000atl.rpy", 112], "achievement.SteamBackend.grant": ["renpy/common/00achievement.rpy", 154], "Language.__init__": ["renpy/common/00action_other.rpy", 377], "layeredimage.parse_property": ["renpy/common/00layeredimage.rpy", 782], "layeredimage.Layer.check": ["renpy/common/00layeredimage.rpy", 117], "SetMute.__init__": ["renpy/common/00action_audio.rpy", 174], "FilePage.predict": ["renpy/common/00action_file.rpy", 585], "_warper.easein_elastic": ["renpy/common/000atl.rpy", 182], "iap.Purchase.get_sensitive": ["renpy/common/00iap.rpy", 469], "NVLCharacter.pop_nvl_list": ["renpy/common/00nvl_mode.rpy", 336], "achievement.PersistentBackend.clear": ["renpy/common/00achievement.rpy", 83], "_m1_00musicroom__MusicRoomPlay.get_sensitive": ["renpy/common/00musicroom.rpy", 46], "nvl_window": ["renpy/common/00nvl_mode.rpy", 236], "layeredimage.RawAlways.__init__": ["renpy/common/00layeredimage.rpy", 496], "_m1_00gallery__GalleryToggleSlideshow.get_selected": ["renpy/common/00gallery.rpy", 138], "_init_language": ["renpy/common/00start.rpy", 67], "_m1_00stylepreferences__register_style_preference": ["renpy/common/00stylepreferences.rpy", 44], "Gallery.button": ["renpy/common/00gallery.rpy", 231], "Skip.__call__": ["renpy/common/00action_menu.rpy", 233], "_m1__errorhandling__YScrollValue.get_adjustment": ["renpy/common/_errorhandling.rpym", 497], "SetField.get_selected": ["renpy/common/00action_data.rpy", 78], "_m1_00screen__DisplayAction.get_selected": ["renpy/common/00preferences.rpy", 56], "_console.unwatchall": ["renpy/common/00console.rpy", 652], "MusicRoom.Play": ["renpy/common/00musicroom.rpy", 398], "layeredimage.RawCondition.execute": ["renpy/common/00layeredimage.rpy", 394], "RollbackToIdentifier.__call__": ["renpy/common/00action_other.rpy", 247], "ShowTransient": ["renpy/common/00action_control.rpy", 174], "director.init": ["renpy/common/00director.rpy", 310], "_init_window": ["renpy/common/000window.rpy", 102], "director.is_interesting": ["renpy/common/00director.rpy", 122], "_m1__errorhandling__Tooltip.action": ["renpy/common/_errorhandling.rpym", 476], "SetVoiceMute.__call__": ["renpy/common/00voice.rpy", 159], "_m1_00action_other__TooltipAction.unhovered": ["renpy/common/00action_other.rpy", 320], "iap.AndroidBackend.__init__": ["renpy/common/00iap.rpy", 119], "director.audio_filename_to_display": ["renpy/common/00director.rpy", 106], "Gallery.Next": ["renpy/common/00gallery.rpy", 535], "Placeholder.after_setstate": ["renpy/common/00placeholder.rpy", 32], "_console.DebugConsole.backup": ["renpy/common/00console.rpy", 262], "predict_say": ["renpy/common/00library.rpy", 259], "layeredimage.RawLayeredImage.execute": ["renpy/common/00layeredimage.rpy", 765], "updater.Updater.clean_old": ["renpy/common/00updater.rpy", 1188], "FilePageNext.get_sensitive": ["renpy/common/00action_file.rpy", 814], "build.classify_renpy": ["renpy/common/00build.rpy", 105], "Screenshot.__call__": ["renpy/common/00action_other.rpy", 146], "FileSlotName": ["renpy/common/00action_file.rpy", 703], "Notify.__init__": ["renpy/common/00action_other.rpy", 201], "Play.__call__": ["renpy/common/00action_audio.rpy", 63], "MusicRoom.previous": ["renpy/common/00musicroom.rpy", 391], "_keymap_toggle_afm": ["renpy/common/00keymap.rpy", 182], "_m1_00musicroom__MusicRoomRandomPlay.__init__": ["renpy/common/00musicroom.rpy", 69], "SetDict.__init__": ["renpy/common/00action_data.rpy", 106], "Rollback.get_sensitive": ["renpy/common/00action_other.rpy", 233], "director.needs_space": ["renpy/common/00director.rpy", 514], "updater.Updater.download": ["renpy/common/00updater.rpy", 850], "achievement.Backend.progress": ["renpy/common/00achievement.rpy", 56], "MusicRoom.Next": ["renpy/common/00musicroom.rpy", 449], "RhythmGameDisplayable.play_music": ["game/renpythm/rhythm_game_displayable.rpy", 245], "ToggleSetMembership.get_selected": ["renpy/common/00action_data.rpy", 475], "director.get_tags": ["renpy/common/00director.rpy", 610], "_locale_to_language_function": ["renpy/common/00defaults.rpy", 126], "_screenshot": ["renpy/common/00keymap.rpy", 247], "_m1_00gallery__GalleryUnlockCondition.check": ["renpy/common/00gallery.rpy", 42], "_error_hyperlink_function": ["renpy/common/_errorhandling.rpym", 262], "achievement.Backend.clear": ["renpy/common/00achievement.rpy", 46], "NVLCharacter.do_done": ["renpy/common/00nvl_mode.rpy", 384], "Confirm.get_selected": ["renpy/common/00action_other.rpy", 584], "FileSave.__call__": ["renpy/common/00action_file.rpy", 357], "NVLCharacter.__init__": ["renpy/common/00nvl_mode.rpy", 295], "gui.SetPreference.__init__": ["renpy/common/00gui.rpy", 132], "PlayCharacterVoice.get_selected": ["renpy/common/00voice.rpy", 238], "iap.IOSBackend.__init__": ["renpy/common/00iap.rpy", 194], "FileUsedSlots": ["renpy/common/00action_file.rpy", 178], "director.get_statement": ["renpy/common/00director.rpy", 415], "ToggleScreen.get_selected": ["renpy/common/00action_control.rpy", 170], "iap.IOSBackend.validate_products": ["renpy/common/00iap.rpy", 243], "ToggleDict.__call__": ["renpy/common/00action_data.rpy", 278], "layeredimage.RawAttribute.execute": ["renpy/common/00layeredimage.rpy", 255], "iap.NoneBackend.consume": ["renpy/common/00iap.rpy", 84], "iap.get_store_name": ["renpy/common/00iap.rpy", 529], "ShowMenu.get_sensitive": ["renpy/common/00action_menu.rpy", 113], "updater.update_command": ["renpy/common/00updater.rpy", 1384], "VoiceReplay.get_sensitive": ["renpy/common/00voice.rpy", 301], "_gl_performance_test": ["renpy/common/00gltest.rpy", 361], "updater.Updater.proceed": ["renpy/common/00updater.rpy", 572], "updater.update": ["renpy/common/00updater.rpy", 1272], "display_items_overlay": ["game/hidden_code.rpy", 49], "_m1_00gallery__GalleryArbitraryCondition.__init__": ["renpy/common/00gallery.rpy", 31], "AnimatedValue.get_adjustment": ["renpy/common/00barvalues.rpy", 81], "layeredimage.RawConditionGroup.__init__": ["renpy/common/00layeredimage.rpy", 428], "FileLoad.get_sensitive": ["renpy/common/00action_file.rpy", 454], "icon.Icon.__init__": ["renpy/common/00icon.rpy", 31], "MusicRoom.Previous": ["renpy/common/00musicroom.rpy", 459], "updater.Updater.path": ["renpy/common/00updater.rpy", 651], "_warper.ease": ["renpy/common/000atl.rpy", 50], "icon.Icon.visit": ["renpy/common/00icon.rpy", 78], "iap.Restore.get_sensitive": ["renpy/common/00iap.rpy", 387], "layeredimage.format_function": ["renpy/common/00layeredimage.rpy", 16], "iap.has_purchased": ["renpy/common/00iap.rpy", 479], "_console.load": ["renpy/common/00console.rpy", 563], "SetMixer.get_selected": ["renpy/common/00action_audio.rpy", 153], "_warper.easeout_quart": ["renpy/common/000atl.rpy", 95], "GamepadCalibrate": ["renpy/common/00gamepad.rpy", 261], "Replay.__call__": ["renpy/common/00action_other.rpy", 420], "Gallery.ToggleSlideshow": ["renpy/common/00gallery.rpy", 565], "_m1_00stylepreferences__apply_styles": ["renpy/common/00stylepreferences.rpy", 100], "SelectedIf.__init__": ["renpy/common/00action_other.rpy", 90], "_clear_performance": ["renpy/common/00performance.rpy", 26], "iap.AndroidBackend.get_price": ["renpy/common/00iap.rpy", 178], "updater.Updater.update": ["renpy/common/00updater.rpy", 369], "_m1_developer__FPSMeter.__init__": ["renpy/common/_developer/developer.rpym", 344], "director.SetAudio.get_selected": ["renpy/common/00director.rpy", 1176], "_ease_in_time_warp": ["renpy/common/00definitions.rpy", 111], "_console.renpy_unwatchall": ["renpy/common/00console.rpy", 657], "_side_per_interact": ["renpy/common/00sideimage.rpy", 50], "_m1__errorhandling__can_open_traceback": ["renpy/common/_errorhandling.rpym", 452], "YScrollValue.get_adjustment": ["renpy/common/00barvalues.rpy", 503], "_console.long": ["renpy/common/00console.rpy", 690], "iap.is_deferred": ["renpy/common/00iap.rpy", 498], "SetCharacterVolume": ["renpy/common/00voice.rpy", 167], "director.SetTag.__init__": ["renpy/common/00director.rpy", 1032], "MusicRoom.SetLoop": ["renpy/common/00musicroom.rpy", 469], "director.SetKind.__call__": ["renpy/common/00director.rpy", 1003], "_m1__errorhandling__TooltipAction.__call__": ["renpy/common/_errorhandling.rpym", 461], "director.SemiModal.render": ["renpy/common/00director.rpy", 1287], "Scroll.__init__": ["renpy/common/00action_other.rpy", 611], "ShowMenu.__call__": ["renpy/common/00action_menu.rpy", 70], "_console.save": ["renpy/common/00console.rpy", 576], "updater.Updater.clean_new": ["renpy/common/00updater.rpy", 1192], "director.line_log_callback": ["renpy/common/00director.rpy", 303], "_m1_00gltest__GLTest.event": ["renpy/common/00gltest.rpy", 328], "FileDelete.__init__": ["renpy/common/00action_file.rpy", 490], "updater.Update.__init__": ["renpy/common/00updater.rpy", 1331], "_warper.ease_quart": ["renpy/common/000atl.rpy", 103], "sv": ["renpy/common/00accessibility.rpy", 46], "FilePageName": ["renpy/common/00action_file.rpy", 588], "_joystick_take_binding": ["renpy/common/_layout/classic_joystick_preferences.rpym", 78], "NVLSpeaker.do_done": ["renpy/common/00nvl_mode.rpy", 384], "ToggleScreenVariable.get_selected": ["renpy/common/00action_data.rpy", 372], "AnimatedValue.__init__": ["renpy/common/00barvalues.rpy", 69], "director.Commit.__call__": ["renpy/common/00director.rpy", 1185], "_warper.easein_quad": ["renpy/common/000atl.rpy", 65], "QuickLoad": ["renpy/common/00action_file.rpy", 931], "updater.Updater.load_state": ["renpy/common/00updater.rpy", 670], "Gallery.image": ["renpy/common/00gallery.rpy", 248], "_console.DebugConsole.start": ["renpy/common/00console.rpy", 267], "iap.register": ["renpy/common/00iap.rpy", 302], "_window_auto_callback": ["renpy/common/000window.rpy", 89], "Quit.__call__": ["renpy/common/00action_menu.rpy", 194], "director.get_transforms": ["renpy/common/00director.rpy", 640], "_m1_00nvl_mode__s": ["renpy/common/00nvl_mode.rpy", 107], "Tooltip.action": ["renpy/common/00action_other.rpy", 345], "layeredimage.RawLayeredImage.__init__": ["renpy/common/00layeredimage.rpy", 760], "FileLoad.__init__": ["renpy/common/00action_file.rpy", 422], "RemoveFromSet.get_sensitive": ["renpy/common/00action_data.rpy", 441], "MusicRoom.add": ["renpy/common/00musicroom.rpy", 244], "_m1_00musicroom__MusicRoomPlay.__init__": ["renpy/common/00musicroom.rpy", 38], "_warper.easeout_elastic": ["renpy/common/000atl.rpy", 188], "_nvl_adv_callback": ["renpy/common/00nvl_mode.rpy", 532], "_console.R": ["renpy/common/00console.rpy", 591], "ToggleScreenVariable.__init__": ["renpy/common/00action_data.rpy", 345], "layeredimage.LayeredImage._list_attributes": ["renpy/common/00layeredimage.rpy", 696], "FileLoadable": ["renpy/common/00action_file.rpy", 208], "With.__call__": ["renpy/common/00action_other.rpy", 189], "achievement.SteamBackend.__init__": ["renpy/common/00achievement.rpy", 140], "updater.get_installed_packages": ["renpy/common/00updater.rpy", 1229], "director.get_voice_statement": ["renpy/common/00director.rpy", 409], "Preference": ["renpy/common/00preferences.rpy", 78], "_m1_00musicroom__MusicRoomTogglePlay.__call__": ["renpy/common/00musicroom.rpy", 92], "director.AddStatement.__init__": ["renpy/common/00director.rpy", 753], "QueueEvent.__init__": ["renpy/common/00action_other.rpy", 496], "_warper.ease_bounce": ["renpy/common/000atl.rpy", 218], "director.SemiModal.per_interact": ["renpy/common/00director.rpy", 1284], "Gallery.Action": ["renpy/common/00gallery.rpy", 326], "_m1_00musicroom__MusicRoomTogglePlay.get_selected": ["renpy/common/00musicroom.rpy", 99], "director.ToggleAttribute.get_selected": ["renpy/common/00director.rpy", 1079], "DictEquality.__eq__": ["renpy/common/00library.rpy", 41], "_intra_jumps_core": ["renpy/common/00layout.rpy", 48], "Skip.__init__": ["renpy/common/00action_menu.rpy", 229], "VariableInputValue.__init__": ["renpy/common/00inputvalues.rpy", 138], "RhythmGameDisplayable.get_active_notes": ["game/renpythm/rhythm_game_displayable.rpy", 249], "Queue.__init__": ["renpy/common/00action_audio.rpy", 100], "SetMixer.__call__": ["renpy/common/00action_audio.rpy", 149], "_warper.linear": ["renpy/common/000atl.rpy", 36], "_m1_00musicroom__MusicRoomPlay.__call__": ["renpy/common/00musicroom.rpy", 43], "_m1_00musicroom__MusicRoomStop.__call__": ["renpy/common/00musicroom.rpy", 115], "_console.HistoryEntry.__init__": ["renpy/common/00console.rpy", 179], "_warper.easein_quint": ["renpy/common/000atl.rpy", 116], "PlayCharacterVoice.__init__": ["renpy/common/00voice.rpy", 221], "updater.Updater.check_updates": ["renpy/common/00updater.rpy", 697], "InputValue.Enable": ["renpy/common/00inputvalues.rpy", 99], "Tooltip.Action": ["renpy/common/00action_other.rpy", 345], "SetScreenVariable.__call__": ["renpy/common/00action_data.rpy", 138], "Play.__init__": ["renpy/common/00action_audio.rpy", 52], "VoiceInfo.__init__": ["renpy/common/00voice.rpy", 310], "_m1_00gallery__GalleryImage.check_unlock": ["renpy/common/00gallery.rpy", 70], "director.Start.get_sensitive": ["renpy/common/00director.rpy", 731], "YScrollValue.get_style": ["renpy/common/00barvalues.rpy", 511], "_console.clear": ["renpy/common/00console.rpy", 551], "director.is_scene_show_hide_editable": ["renpy/common/00director.rpy", 797], "_m1_00action_file__slotname": ["renpy/common/00action_file.rpy", 122], "gui.TogglePreference.get_selected": ["renpy/common/00gui.rpy", 182], "toggle_skipping": ["renpy/common/00keymap.rpy", 188], "iap.IOSBackend.set_title": ["renpy/common/00iap.rpy", 216], "_console.reload": ["renpy/common/00console.rpy", 587], "_m1_00preferences__DisplayAction.get_size": ["renpy/common/00preferences.rpy", 32], "layeredimage.parse_condition": ["renpy/common/00layeredimage.rpy", 939], "InvertSelected.__call__": ["renpy/common/00action_other.rpy", 41], "iap.AndroidBackend.get_store_name": ["renpy/common/00iap.rpy", 128], "FileNewest": ["renpy/common/00action_file.rpy", 298], "MusicRoom.TogglePlay": ["renpy/common/00musicroom.rpy", 429], "_m1_00gallery__GalleryToggleSlideshow.__call__": ["renpy/common/00gallery.rpy", 134], "SetMixer.__init__": ["renpy/common/00action_audio.rpy", 145], "NVLCharacter.push_nvl_list": ["renpy/common/00nvl_mode.rpy", 314], "director.SetChannel.__call__": ["renpy/common/00director.rpy", 1151], "FileSave.get_selected": ["renpy/common/00action_file.rpy", 386], "FieldInputValue.get_text": ["renpy/common/00inputvalues.rpy", 216], "Gallery.unlock_image": ["renpy/common/00gallery.rpy", 312], "build.documentation": ["renpy/common/00build.rpy", 216], "iap.Purchase.should_be_sensitive": ["renpy/common/00iap.rpy", 456], "achievement.Backend.grant": ["renpy/common/00achievement.rpy", 40], "nvl_menu": ["renpy/common/00nvl_mode.rpy", 446], "RhythmGameDisplayable.read_beatmap_file": ["game/renpythm/rhythm_game_displayable.rpy", 267], "_console.stdout_line": ["renpy/common/00console.rpy", 199], "SetVariable": ["renpy/common/00action_data.rpy", 81], "FilePageNameInputValue.get_page": ["renpy/common/00action_file.rpy", 641], "ToggleScreen.predict": ["renpy/common/00action_control.rpy", 156], "_m1_00action_other__TooltipAction.__call__": ["renpy/common/00action_other.rpy", 315], "updater.Updater.unlink": ["renpy/common/00updater.rpy", 614], "RhythmGameDisplayable.visit": ["game/renpythm/rhythm_game_displayable.rpy", 241], "_toggle_skipping": ["renpy/common/00keymap.rpy", 188], "Skip.get_selected": ["renpy/common/00action_menu.rpy", 265], "director.update_ast": ["renpy/common/00director.rpy", 441], "_console.quit": ["renpy/common/00console.rpy", 559], "FileDelete.get_selected": ["renpy/common/00action_file.rpy", 512], "PauseAudio.__init__": ["renpy/common/00action_audio.rpy", 242], "director.get_image_attributes": ["renpy/common/00director.rpy", 647], "FilePageNext.__call__": ["renpy/common/00action_file.rpy", 807], "SideImage": ["renpy/common/00sideimage.rpy", 85], "_default_empty_window": ["renpy/common/00library.rpy", 120], "director.quote_audio": ["renpy/common/00director.rpy", 378], "FilePage.get_selected": ["renpy/common/00action_file.rpy", 582], "_m1_developer__missing_hide_callback": ["renpy/common/_developer/developer.rpym", 318], "updater.Updater.update_filename": ["renpy/common/00updater.rpy", 776], "director.SetTransition.__call__": ["renpy/common/00director.rpy", 1134], "_m1_00stylepreferences__set_style_preference": ["renpy/common/00stylepreferences.rpy", 126], "EndReplay.__init__": ["renpy/common/00action_other.rpy", 450], "Confirm.__init__": ["renpy/common/00action_other.rpy", 566], "achievement.PersistentBackend.clear_all": ["renpy/common/00achievement.rpy", 86], "AudioPositionValue.get_adjustment": ["renpy/common/00barvalues.rpy", 539], "gui.SetPreference.__call__": ["renpy/common/00gui.rpy", 137], "MainMenu.__call__": ["renpy/common/00action_menu.rpy", 160], "FileSaveName": ["renpy/common/00action_file.rpy", 288], "_progress_screen": ["renpy/common/00keymap.rpy", 331], "RhythmGameDisplayable.render": ["game/renpythm/rhythm_game_displayable.rpy", 159], "iap.AndroidBackend.identifier": ["renpy/common/00iap.rpy", 131], "director.Cancel.__call__": ["renpy/common/00director.rpy", 1236], "_console.DebugConsole.format_exception": ["renpy/common/00console.rpy", 402], "_set_script_version": ["renpy/common/00compat.rpy", 26], "Placeholder.get_child": ["renpy/common/00placeholder.rpy", 128], "_m1_00screen__TooltipAction.unhovered": ["renpy/common/00action_other.rpy", 320], "director.Reset.__call__": ["renpy/common/00director.rpy", 1216], "FieldEquality.__eq__": ["renpy/common/00library.rpy", 71], "ToggleScreenVariable.__call__": ["renpy/common/00action_data.rpy", 350], "achievement.Sync.__call__": ["renpy/common/00achievement.rpy", 356], "InvertSelected.get_selected": ["renpy/common/00action_other.rpy", 44], "layeredimage.RawAlways.execute": ["renpy/common/00layeredimage.rpy", 500], "iap.init_android": ["renpy/common/00iap.rpy", 551], "_strftime": ["renpy/common/00action_file.rpy", 78], "SetItem.__call__": ["game/hidden_code.rpy", 31], "updater.Updater.cancel": ["renpy/common/00updater.rpy", 600], "FieldValue.get_adjustment": ["renpy/common/00barvalues.rpy", 281], "_warper.ease_quint": ["renpy/common/000atl.rpy", 120], "_m1__errorhandling__format_parse_errors": ["renpy/common/_errorhandling.rpym", 380], "Show.predict": ["renpy/common/00action_control.rpy", 122], "director.SetTransition.get_selected": ["renpy/common/00director.rpy", 1139], "InputValue.Toggle": ["renpy/common/00inputvalues.rpy", 111], "gui.button_text_properties": ["renpy/common/00gui.rpy", 275], "RhythmGameDisplayable.__init__": ["game/renpythm/rhythm_game_displayable.rpy", 38], "_m1_00stylepreferences__init": ["renpy/common/00stylepreferences.rpy", 76], "_console.enter": ["renpy/common/00console.rpy", 490], "RhythmGameDisplayable.event": ["game/renpythm/rhythm_game_displayable.rpy", 220], "FileSave.__init__": ["renpy/common/00action_file.rpy", 342], "InvertSelected.periodic": ["renpy/common/00action_other.rpy", 50], "FilePageNameInputValue.__init__": ["renpy/common/00action_file.rpy", 631], "Stop.__init__": ["renpy/common/00action_audio.rpy", 122], "_m1_00themes__AWTButton": ["renpy/common/00themes.rpy", 764], "iap.IOSBackend.get_store_name": ["renpy/common/00iap.rpy", 206], "voice_can_replay": ["renpy/common/00voice.rpy", 130], "_console.DebugConsole.interact": ["renpy/common/00console.rpy", 315], "Language.get_sensitive": ["renpy/common/00action_other.rpy", 386], "ToggleDict.get_selected": ["renpy/common/00action_data.rpy", 295], "_SplineInterpolator.__call__": ["renpy/common/00splines.rpy", 85], "voice_sustain": ["renpy/common/00voice.rpy", 106], "Function.__call__": ["renpy/common/00action_other.rpy", 536], "StylePreference.__call__": ["renpy/common/00stylepreferences.rpy", 183], "_m1_00musicroom__MusicRoomStop.get_selected": ["renpy/common/00musicroom.rpy", 118], "_InputValueAction.get_selected": ["renpy/common/00inputvalues.rpy", 55], "layeredimage.parse_layeredimage": ["renpy/common/00layeredimage.rpy", 1007], "_m1_inspector__format_location": ["renpy/common/_developer/inspector.rpym", 165], "DictInputValue.set_text": ["renpy/common/00inputvalues.rpy", 251], "director.pick_tag": ["renpy/common/00director.rpy", 473], "MouseMove.__init__": ["renpy/common/00action_other.rpy", 478], "build.pattern_list": ["renpy/common/00build.rpy", 49], "_m1_00themes__AWTBox": ["renpy/common/00themes.rpy", 751], "PauseAudio.get_selected": ["renpy/common/00action_audio.rpy", 254], "Gallery.__init__": ["renpy/common/00gallery.rpy", 208], "_profile_once": ["renpy/common/00keymap.rpy", 319], "layeredimage.LayeredImageProxy._list_attributes": ["renpy/common/00layeredimage.rpy", 1129], "iap.Purchase.__init__": ["renpy/common/00iap.rpy", 443], "MusicRoom.play": ["renpy/common/00musicroom.rpy", 312], "iap.NoneBackend.get_price": ["renpy/common/00iap.rpy", 99], "_m1_00musicroom__MusicRoomRandomPlay.__call__": ["renpy/common/00musicroom.rpy", 72], "MixerValue.set_mixer": ["renpy/common/00barvalues.rpy", 452], "_m1_developer__missing_scene_callback": ["renpy/common/_developer/developer.rpym", 324], "AnimatedValue.replaces": ["renpy/common/00barvalues.rpy", 103], "VariableValue": ["renpy/common/00barvalues.rpy", 304], "InvertSelected.__init__": ["renpy/common/00action_other.rpy", 33], "_console.jump": ["renpy/common/00console.rpy", 669], "build.executable": ["renpy/common/00build.rpy", 246], "ToggleVoiceMute.__init__": ["renpy/common/00voice.rpy", 269], "director.SemiModal.visit": ["renpy/common/00director.rpy", 1330], "_m1_developer__ImageLocationPicker.rectangle": ["renpy/common/_developer/developer.rpym", 398], "Show.__call__": ["renpy/common/00action_control.rpy", 125], "updater.Updater.simulation": ["renpy/common/00updater.rpy", 475], "ScreenVariableInputValue.get_text": ["renpy/common/00inputvalues.rpy", 179], "iap.IOSBackend.consume": ["renpy/common/00iap.rpy", 271], "_m1_00gallery__GalleryButton.check_unlock": ["renpy/common/00gallery.rpy", 114], "achievement.PersistentBackend.progress": ["renpy/common/00achievement.rpy", 92], "StaticValue.get_adjustment": ["renpy/common/00barvalues.rpy", 42], "MusicRoom.__init__": ["renpy/common/00musicroom.rpy", 144], "OpenURL.__call__": ["renpy/common/00action_other.rpy", 172], "updater.process_deferred": ["renpy/common/00updater.rpy", 86], "iap.Purchase.periodic": ["renpy/common/00iap.rpy", 473], "_m1_00gallery__GalleryAction.__call__": ["renpy/common/00gallery.rpy", 151], "director.get_scene_show_hide_statement": ["renpy/common/00director.rpy", 339], "nvl_erase": ["renpy/common/00nvl_mode.rpy", 268], "_console.HistoryEntry.update_lines": ["renpy/common/00console.rpy", 184], "ToggleMute.get_selected": ["renpy/common/00action_audio.rpy", 222], "updater.Updater.rename": ["renpy/common/00updater.rpy", 631], "iap.get_product": ["renpy/common/00iap.rpy", 390], "iap.NoneBackend.init": ["renpy/common/00iap.rpy", 107], "iap.restore": ["renpy/common/00iap.rpy", 361], "FilePagePrevious.predict": ["renpy/common/00action_file.rpy", 888], "_warper.easeout_expo": ["renpy/common/000atl.rpy", 129], "_m1_00stylepreferences__update": ["renpy/common/00stylepreferences.rpy", 88], "_EditFile.__init__": ["renpy/common/_errorhandling.rpym", 425], "layeredimage.LayeredImage.__init__": ["renpy/common/00layeredimage.rpy", 566], "_console.command": ["renpy/common/00console.rpy", 518], "updater.process_deferred_line": ["renpy/common/00updater.rpy", 67], "_keymap_toggle_skipping": ["renpy/common/00keymap.rpy", 202], "_scan_images_directory": ["renpy/common/00images.rpy", 26], "iap.AndroidBackend.restore_purchases": ["renpy/common/00iap.rpy", 161], "nvl_hide": ["renpy/common/00nvl_mode.rpy", 253], "updater.zsync_path": ["renpy/common/00updater.rpy", 122], "_m1_developer__missing_show_callback": ["renpy/common/_developer/developer.rpym", 307], "layeredimage.Always.__init__": ["renpy/common/00layeredimage.rpy", 472], "_window_show": ["renpy/common/000window.rpy", 39], "_CopyFile.__init__": ["renpy/common/_errorhandling.rpym", 436], "Rollback.__init__": ["renpy/common/00action_other.rpy", 225], "_m1_00action_data__set_field": ["renpy/common/00action_data.rpy", 43], "layeredimage.Layer.wrap": ["renpy/common/00layeredimage.rpy", 137], "_m1_developer__ImageLocationPicker.__init__": ["renpy/common/_developer/developer.rpym", 385], "FilePage.__call__": ["renpy/common/00action_file.rpy", 575], "_console.BoundedList.__init__": ["renpy/common/00console.rpy", 155], "_console.DebugConsole.reset": ["renpy/common/00console.rpy", 285], "updater.Updater.check_versions": ["renpy/common/00updater.rpy", 737], "build.archive": ["renpy/common/00build.rpy", 199], "director.SetTag.get_selected": ["renpy/common/00director.rpy", 1047], "director.SetChannel.__init__": ["renpy/common/00director.rpy", 1148], "SelectedIf.get_selected": ["renpy/common/00action_other.rpy", 102], "layeredimage.ConditionGroup.__init__": ["renpy/common/00layeredimage.rpy", 404], "layeredimage.LayeredImage.get_banned": ["renpy/common/00layeredimage.rpy", 624], "_m1_00preferences__show_self_voicing": ["renpy/common/00preferences.rpy", 518], "gui.SetPreference.get_selected": ["renpy/common/00gui.rpy", 143], "iap.missing_products": ["renpy/common/00iap.rpy", 540], "layeredimage.Attribute.__init__": ["renpy/common/00layeredimage.rpy", 208], "NVLCharacter.do_extend": ["renpy/common/00nvl_mode.rpy", 407], "nvl_clear_next": ["renpy/common/00nvl_mode.rpy", 273], "_m1_00preferences__DisplayAction.get_sensitive": ["renpy/common/00preferences.rpy", 50], "director.is_queue": ["renpy/common/00director.rpy", 112], "_SetRenderer.get_selected": ["renpy/common/00gltest.rpy", 45], "_m1__errorhandling__Tooltip.__init__": ["renpy/common/_errorhandling.rpym", 472], "_console.renpy_unwatch": ["renpy/common/00console.rpy", 635], "achievement.clear_all": ["renpy/common/00achievement.rpy", 284], "_enter_menu": ["renpy/common/00gamemenu.rpy", 83], "achievement.Sync.get_sensitive": ["renpy/common/00achievement.rpy", 359], "MainMenu.__init__": ["renpy/common/00action_menu.rpy", 157], "Gallery.condition": ["renpy/common/00gallery.rpy", 287], "AudioPositionValue.get_pos_duration": ["renpy/common/00barvalues.rpy", 533], "_m1_00nvl_mode__nvl_screen_dialogue": ["renpy/common/00nvl_mode.rpy", 119], "iap.NoneBackend.purchase": ["renpy/common/00iap.rpy", 60], "updater.Updater.prepare": ["renpy/common/00updater.rpy", 787], "RollbackToIdentifier.__init__": ["renpy/common/00action_other.rpy", 244], "build.remove": ["renpy/common/00build.rpy", 188], "director.remove_spacing": ["renpy/common/00director.rpy", 604], "FieldValue.changed": ["renpy/common/00barvalues.rpy", 266], "Show.get_selected": ["renpy/common/00action_control.rpy", 133], "ToggleVariable": ["renpy/common/00action_data.rpy", 234], "_m1_00screen__DisplayAction.__init__": ["renpy/common/00preferences.rpy", 29], "FileLoad.get_selected": ["renpy/common/00action_file.rpy", 460], "director.AddStatement.get_sensitive": ["renpy/common/00director.rpy", 758], "_error_hyperlink_styler": ["renpy/common/_errorhandling.rpym", 259], "director.SetKind.__init__": ["renpy/common/00director.rpy", 1000], "director.ToggleList.get_selected": ["renpy/common/00director.rpy", 1122], "_warper.easein_circ": ["renpy/common/000atl.rpy", 151], "updater.Updater.move_files": ["renpy/common/00updater.rpy", 1099], "ToggleField.__call__": ["renpy/common/00action_data.rpy", 208], "achievement.clear": ["renpy/common/00achievement.rpy", 273], "gui.preference": ["renpy/common/00gui.rpy", 91], "Rollback.__call__": ["renpy/common/00action_other.rpy", 230], "updater.Updater.save_state": ["renpy/common/00updater.rpy", 1166], "director.Remove.__call__": ["renpy/common/00director.rpy", 1257], "Placeholder.visit": ["renpy/common/00placeholder.rpy", 202], "EndReplay.__call__": ["renpy/common/00action_other.rpy", 453], "iap.AndroidBackend.consume": ["renpy/common/00iap.rpy", 172], "iap.IOSBackend.restore_purchases": ["renpy/common/00iap.rpy", 260], "_m1_00gallery__GalleryButton.__init__": ["renpy/common/00gallery.rpy", 108], "ShowMenu.get_selected": ["renpy/common/00action_menu.rpy", 105], "_warper.easein": ["renpy/common/000atl.rpy", 45], "iap.AndroidBackend.is_deferred": ["renpy/common/00iap.rpy", 175], "_m1_00stylepreferences__get_style_preference": ["renpy/common/00stylepreferences.rpy", 147], "_gamepad.EventWatcher.render": ["renpy/common/00gamepad.rpy", 86], "NVLSpeaker.do_display": ["renpy/common/00nvl_mode.rpy", 351], "iap.IOSBackend.init": ["renpy/common/00iap.rpy", 292], "_warper.easeout_cubic": ["renpy/common/000atl.rpy", 78], "MusicRoom.unlocked_playlist": ["renpy/common/00musicroom.rpy", 287], "director.ChangeStatement.__call__": ["renpy/common/00director.rpy", 947], "FileDelete.get_sensitive": ["renpy/common/00action_file.rpy", 509], "director.interact_base": ["renpy/common/00director.rpy", 208], "FilePage.__init__": ["renpy/common/00action_file.rpy", 565], "extend": ["renpy/common/00library.rpy", 146], "SetVoiceMute.__init__": ["renpy/common/00voice.rpy", 149], "_warper.ease_circ": ["renpy/common/000atl.rpy", 155], "updater.Updater.__init__": ["renpy/common/00updater.rpy", 219], "director.SetAudio.__call__": ["renpy/common/00director.rpy", 1171], "nvl_clear": ["renpy/common/00nvl_mode.rpy", 433], "_m1__errorhandling__XScrollValue.__init__": ["renpy/common/_errorhandling.rpym", 480], "Language.get_selected": ["renpy/common/00action_other.rpy", 383], "director.ToggleAttribute.__call__": ["renpy/common/00director.rpy", 1063], "_imagemap_auto_function": ["renpy/common/00defaults.rpy", 138], "Jump.__call__": ["renpy/common/00action_control.rpy", 78], "layeredimage.LayeredImage._duplicate": ["renpy/common/00layeredimage.rpy", 639], "MusicRoom.ToggleShuffle": ["renpy/common/00musicroom.rpy", 522], "director.Start.__call__": ["renpy/common/00director.rpy", 697], "_warper.easein_back": ["renpy/common/000atl.rpy", 169], "_warper.easein_quart": ["renpy/common/000atl.rpy", 99], "MainMenu.get_sensitive": ["renpy/common/00action_menu.rpy", 173], "FileTime": ["renpy/common/00action_file.rpy", 240], "AddToSet.get_sensitive": ["renpy/common/00action_data.rpy", 410], "_m1_00gltest__GLTest.render": ["renpy/common/00gltest.rpy", 305], "Start.__call__": ["renpy/common/00action_menu.rpy", 140], "InputValue.get_text": ["renpy/common/00inputvalues.rpy", 87], "_warper.easeout_back": ["renpy/common/000atl.rpy", 164], "_ease_out_time_warp": ["renpy/common/00definitions.rpy", 107], "director.SetChannel.get_selected": ["renpy/common/00director.rpy", 1159], "_m1__errorhandling__TooltipAction.__init__": ["renpy/common/_errorhandling.rpym", 457], "FileJson": ["renpy/common/00action_file.rpy", 261], "director.get_play_queue_statement": ["renpy/common/00director.rpy", 394], "SensitiveIf.get_sensitive": ["renpy/common/00action_other.rpy", 135], "is_all_found": ["game/hidden_code.rpy", 69], "director.add_spacing": ["renpy/common/00director.rpy", 600], "iap.init": ["renpy/common/00iap.rpy", 567], "_invoke_game_menu": ["renpy/common/00gamemenu.rpy", 119], "StylePreference.__init__": ["renpy/common/00stylepreferences.rpy", 176], "achievement.SteamBackend.progress": ["renpy/common/00achievement.rpy", 173], "SelectedIf.__call__": ["renpy/common/00action_other.rpy", 97], "iap.IOSBackend.has_purchased": ["renpy/common/00iap.rpy", 267], "FilePageNameInputValue.enter": ["renpy/common/00action_file.rpy", 698], "ToggleVoiceMute.get_selected": ["renpy/common/00voice.rpy", 274], "Tooltip.__init__": ["renpy/common/00action_other.rpy", 341], "DictEquality.__ne__": ["renpy/common/00library.rpy", 58], "_m1_00gallery__GalleryAction.__init__": ["renpy/common/00gallery.rpy", 147], "_m1_inspector__safe_repr": ["renpy/common/_developer/inspector.rpym", 177], "_m1_developer__ImageLocationPicker.event": ["renpy/common/_developer/developer.rpym", 462], "ShowMenu.__init__": ["renpy/common/00action_menu.rpy", 61], "FilePageNameInputValue.get_text": ["renpy/common/00action_file.rpy", 658], "FieldValue.__init__": ["renpy/common/00barvalues.rpy", 248], "ToggleDict.__init__": ["renpy/common/00action_data.rpy", 272], "_predict_file_page": ["renpy/common/00action_file.rpy", 540], "iap.IOSBackend.purchase": ["renpy/common/00iap.rpy", 252], "MusicRoom.stop": ["renpy/common/00musicroom.rpy", 373], "iap.NoneBackend.get_store_name": ["renpy/common/00iap.rpy", 52], "_console.DebugConsole.recall_line": ["renpy/common/00console.rpy", 292], "NVLSpeaker.__init__": ["renpy/common/00nvl_mode.rpy", 295], "gui.TogglePreference.__init__": ["renpy/common/00gui.rpy", 166], "_console.stderr_line": ["renpy/common/00console.rpy", 208], "iap.NoneBackend.restore_purchases": ["renpy/common/00iap.rpy", 68], "updater.Updater.run": ["renpy/common/00updater.rpy", 321], "updater.Updater.delete_obsolete": ["renpy/common/00updater.rpy", 1121], "_m1__errorhandling__format_traceback": ["renpy/common/_errorhandling.rpym", 364], "_m1_00stylepreferences__check": ["renpy/common/00stylepreferences.rpy", 113], "gui.rebuild": ["renpy/common/00gui.rpy", 71], "director.ToggleList.__init__": ["renpy/common/00director.rpy", 1110], "_get_voice_info": ["renpy/common/00voice.rpy", 353], "iap.IOSBackend.wait_for_result": ["renpy/common/00iap.rpy", 226], "gui.init": ["renpy/common/00gui.rpy", 29], "InvertSelected.predict": ["renpy/common/00action_other.rpy", 53], "PlayCharacterVoice.periodic": ["renpy/common/00voice.rpy", 245], "_m1_00preferences__DisplayAction.get_selected": ["renpy/common/00preferences.rpy", 56], "voice_replay": ["renpy/common/00voice.rpy", 119], "Gallery.make_button": ["renpy/common/00gallery.rpy", 344], "iap.NoneBackend.is_deferred": ["renpy/common/00iap.rpy", 92], "director.get_behind_tags": ["renpy/common/00director.rpy", 672], "layeredimage.parse_attribute": ["renpy/common/00layeredimage.rpy", 811], "director.command": ["renpy/common/00director.rpy", 325], "_reload_game": ["renpy/common/00keymap.rpy", 289], "VariableInputValue.set_text": ["renpy/common/00inputvalues.rpy", 147], "iap.NoneBackend.has_purchased": ["renpy/common/00iap.rpy", 77], "director.SetList.__call__": ["renpy/common/00director.rpy", 1092], "RoundRect": ["renpy/common/00themes.rpy", 35], "Notify.predict": ["renpy/common/00action_other.rpy", 204], "Item.__init__": ["game/hidden_code.rpy", 39], "_SetRenderer.__call__": ["renpy/common/00gltest.rpy", 41], "achievement.SteamBackend.clear": ["renpy/common/00achievement.rpy", 161], "achievement.merge": ["renpy/common/00achievement.rpy", 96], "say": ["renpy/common/00library.rpy", 266], "director.SemiModal.__init__": ["renpy/common/00director.rpy", 1277], "_console.ScriptErrorHandler.__call__": ["renpy/common/00console.rpy", 230], "InvertSelected.get_sensitive": ["renpy/common/00action_other.rpy", 47], "director.is_stop": ["renpy/common/00director.rpy", 115], "director.is_spacing": ["renpy/common/00director.rpy", 549], "FileAction": ["renpy/common/00action_file.rpy", 516], "Stop.__call__": ["renpy/common/00action_audio.rpy", 126], "layeredimage.RawConditionGroup.execute": ["renpy/common/00layeredimage.rpy", 431], "voice": ["renpy/common/00voice.rpy", 73], "achievement.sync": ["renpy/common/00achievement.rpy", 335], "SetLocalVariable": ["renpy/common/00action_data.rpy", 161], "FileTakeScreenshot.__call__": ["renpy/common/00action_file.rpy", 901], "achievement.Backend.clear_all": ["renpy/common/00achievement.rpy", 51], "_m1_00screen__TooltipAction.__call__": ["renpy/common/00action_other.rpy", 315], "GetTooltip": ["renpy/common/00action_other.rpy", 291], "ShowMenu.predict": ["renpy/common/00action_menu.rpy", 66], "_gamepad.EventWatcher.event": ["renpy/common/00gamepad.rpy", 89], "_m1_00screen__DisplayAction.__call__": ["renpy/common/00preferences.rpy", 46], "FieldEquality.__ne__": ["renpy/common/00library.rpy", 98], "_m1_00gallery__GalleryUnlockCondition.__init__": ["renpy/common/00gallery.rpy", 39], "_m1_00nvl_mode__nvl_show_screen": ["renpy/common/00nvl_mode.rpy", 190], "achievement.register": ["renpy/common/00achievement.rpy", 232], "achievement.PersistentBackend.__init__": ["renpy/common/00achievement.rpy", 73], "Gallery.unlock": ["renpy/common/00gallery.rpy", 276], "_skip_indicator": ["renpy/common/00library.rpy", 178], "iap.AndroidBackend.purchase": ["renpy/common/00iap.rpy", 156], "_fast_skip": ["renpy/common/00keymap.rpy", 283], "_m1_00musicroom__MusicRoomPlay.get_selected": ["renpy/common/00musicroom.rpy", 49], "gui.button_properties": ["renpy/common/00gui.rpy", 195], "iap.Restore.__call__": ["renpy/common/00iap.rpy", 384], "NVLSpeaker.push_nvl_list": ["renpy/common/00nvl_mode.rpy", 314], "GamepadExists": ["renpy/common/00gamepad.rpy", 247], "VoiceReplay.__call__": ["renpy/common/00voice.rpy", 298], "achievement.has": ["renpy/common/00achievement.rpy", 321], "FilePageNext.__init__": ["renpy/common/00action_file.rpy", 774], "_m1_00preferences__DisplayAction.__call__": ["renpy/common/00preferences.rpy", 46], "DictValue.__init__": ["renpy/common/00barvalues.rpy", 153], "_m1_00musicroom__MusicRoomStop.__init__": ["renpy/common/00musicroom.rpy", 111], "SetScreenVariable.__init__": ["renpy/common/00action_data.rpy", 134], "director.ChangeStatement.get_sensitive": ["renpy/common/00director.rpy", 944], "_console.unwatch": ["renpy/common/00console.rpy", 621], "director.interact": ["renpy/common/00director.rpy", 287], "director.adjust_spacing_before": ["renpy/common/00director.rpy", 559], "MusicRoom.SetShuffle": ["renpy/common/00musicroom.rpy", 491], "VariableInputValue.get_text": ["renpy/common/00inputvalues.rpy", 144], "ScreenVariableValue.get_adjustment": ["renpy/common/00barvalues.rpy", 406], "AddToSet.__call__": ["renpy/common/00action_data.rpy", 413], "ToggleSetMembership.__call__": ["renpy/common/00action_data.rpy", 478], "_ease_time_warp": ["renpy/common/00definitions.rpy", 115], "director.is_voice": ["renpy/common/00director.rpy", 118], "ToggleScreen.__init__": ["renpy/common/00action_control.rpy", 150], "Help.__init__": ["renpy/common/00action_menu.rpy", 312], "FileScreenshot": ["renpy/common/00action_file.rpy", 218], "RollForward.get_sensitive": ["renpy/common/00action_other.rpy", 285], "_InputValueAction.__init__": ["renpy/common/00inputvalues.rpy", 29], "_warper.ease_expo": ["renpy/common/000atl.rpy", 137], "Skip.get_sensitive": ["renpy/common/00action_menu.rpy", 271], "Language.__call__": ["renpy/common/00action_other.rpy", 380], "_m1__errorhandling__EnterConsole.__call__": ["renpy/common/_errorhandling.rpym", 520], "Play.get_selected": ["renpy/common/00action_audio.rpy", 67], "RollbackToIdentifier.get_sensitive": ["renpy/common/00action_other.rpy", 253], "_launch_editor": ["renpy/common/00keymap.rpy", 304], "layeredimage.LayeredImageProxy._duplicate": ["renpy/common/00layeredimage.rpy", 1116], "_m1_00gallery__GalleryImage.__init__": ["renpy/common/00gallery.rpy", 54], "build.dump": ["renpy/common/00build.rpy", 406], "iap.IOSBackend.get_price": ["renpy/common/00iap.rpy", 279], "_m1__errorhandling__XScrollValue.get_style": ["renpy/common/_errorhandling.rpym", 490], "_screenshot_callback": ["renpy/common/00keymap.rpy", 278], "achievement.Backend.register": ["renpy/common/00achievement.rpy", 35], "Gallery.display": ["renpy/common/00gallery.rpy", 248], "ToggleField.get_selected": ["renpy/common/00action_data.rpy", 225], "hyperlink_function": ["renpy/common/00defaults.rpy", 189], "MixerValue.get_style": ["renpy/common/00barvalues.rpy", 462], "nvl_show_core": ["renpy/common/00nvl_mode.rpy", 203], "Quit.__init__": ["renpy/common/00action_menu.rpy", 191], "If": ["renpy/common/00action_other.rpy", 56], "_EditFile.__call__": ["renpy/common/_errorhandling.rpym", 429], "_m1_00musicroom__MusicRoomStop.periodic": ["renpy/common/00musicroom.rpy", 121], "DisableAllInputValues.__call__": ["renpy/common/00inputvalues.rpy", 76], "ScreenVariableValue.__init__": ["renpy/common/00barvalues.rpy", 372], "iap.get_price": ["renpy/common/00iap.rpy", 513], "iap.Product.__init__": ["renpy/common/00iap.rpy", 34], "updater.get_installed_state": ["renpy/common/00updater.rpy", 1199], "EndReplay.get_sensitive": ["renpy/common/00action_other.rpy", 463], "_scan_audio_directory": ["renpy/common/00audio.rpy", 25], "_gamepad.calibrate": ["renpy/common/00gamepad.rpy", 113], "OpenURL.__init__": ["renpy/common/00action_other.rpy", 169], "director.dump_script": ["renpy/common/00director.rpy", 467], "MixerValue.get_adjustment": ["renpy/common/00barvalues.rpy", 456], "Gallery.Return": ["renpy/common/00gallery.rpy", 526], "achievement.PersistentBackend.grant": ["renpy/common/00achievement.rpy", 80], "layeredimage.Condition.get_displayable": ["renpy/common/00layeredimage.rpy", 375], "_window_hide": ["renpy/common/000window.rpy", 64], "Show.__init__": ["renpy/common/00action_control.rpy", 116], "_m1_inspector__format_style": ["renpy/common/_developer/inspector.rpym", 162], "YScrollValue.__init__": ["renpy/common/00barvalues.rpy", 500], "Hide.__call__": ["renpy/common/00action_control.rpy", 203], "director.SetTag.__call__": ["renpy/common/00director.rpy", 1035], "director.ChangeStatement.__init__": ["renpy/common/00director.rpy", 832], "getHint.__call__": ["game/hidden_code.rpy", 11], "_m1_00musicroom__MusicRoomTogglePlay.__init__": ["renpy/common/00musicroom.rpy", 89], "Replay.__init__": ["renpy/common/00action_other.rpy", 415], "Scroll.__call__": ["renpy/common/00action_other.rpy", 616], "ToggleMute.__init__": ["renpy/common/00action_audio.rpy", 208], "Call.__call__": ["renpy/common/00action_control.rpy", 98], "SetVoiceMute.get_selected": ["renpy/common/00voice.rpy", 153], "SplineMotion": ["renpy/common/00splines.rpy", 132], "_joystick_select_binding": ["renpy/common/_layout/classic_joystick_preferences.rpym", 65], "SetMute.__call__": ["renpy/common/00action_audio.rpy", 181], "Placeholder.guess_base": ["renpy/common/00placeholder.rpy", 86], "_developer": ["renpy/common/00keymap.rpy", 311], "Hide.__init__": ["renpy/common/00action_control.rpy", 199], "AddToSet.__init__": ["renpy/common/00action_data.rpy", 406], "layeredimage.Always.apply_format": ["renpy/common/00layeredimage.rpy", 478], "achievement.merge_progress": ["renpy/common/00achievement.rpy", 105], "updater.can_update": ["renpy/common/00updater.rpy", 1249], "SetDict.__call__": ["renpy/common/00action_data.rpy", 111], "_SplineInterpolator.__init__": ["renpy/common/00splines.rpy", 15], "_console.DebugConsole.can_renpy": ["renpy/common/00console.rpy", 395], "QuickSave": ["renpy/common/00action_file.rpy", 905], "_console.help": ["renpy/common/00console.rpy", 526], "AudioPositionValue.__init__": ["renpy/common/00barvalues.rpy", 527], "layeredimage.Attribute.get_displayable": ["renpy/common/00layeredimage.rpy", 237], "RemoveFromSet.__init__": ["renpy/common/00action_data.rpy", 437], "_joystick_get_binding": ["renpy/common/_layout/classic_joystick_preferences.rpym", 74], "FileLoad.__call__": ["renpy/common/00action_file.rpy", 438], "_m1_00screen__DisplayAction.get_size": ["renpy/common/00preferences.rpy", 32], "_m1_00preferences__DisplayAction.__init__": ["renpy/common/00preferences.rpy", 29], "icon.Icon.render": ["renpy/common/00icon.rpy", 57], "achievement.SteamBackend.clear_all": ["renpy/common/00achievement.rpy", 167], "_audio_eval": ["renpy/common/000statements.rpy", 31], "_m1_inspector__inspect": ["renpy/common/_developer/inspector.rpym", 187], "ToggleLocalVariable": ["renpy/common/00action_data.rpy", 307], "layeredimage.execute_layeredimage": ["renpy/common/00layeredimage.rpy", 778], "ScreenVariableValue.changed": ["renpy/common/00barvalues.rpy", 389], "_console.halp": ["renpy/common/00console.rpy", 547], "updater.Updater.clean": ["renpy/common/00updater.rpy", 1176], "_button_menu": ["renpy/common/00layout.rpy", 279], "NVLCharacter.do_display": ["renpy/common/00nvl_mode.rpy", 351], "layeredimage.ConditionGroup.get_displayable": ["renpy/common/00layeredimage.rpy", 411], "_m1__errorhandling__ErrorQuit.__call__": ["renpy/common/_errorhandling.rpym", 512], "layeredimage.Condition.__init__": ["renpy/common/00layeredimage.rpy", 360], "director.AddStatement.__call__": ["renpy/common/00director.rpy", 761], "SetItem.__init__": ["game/hidden_code.rpy", 26], "MusicRoom.ToggleLoop": ["renpy/common/00musicroom.rpy", 503], "_m1_00gallery__GalleryArbitraryCondition.check": ["renpy/common/00gallery.rpy", 34], "iap.AndroidBackend.init": ["renpy/common/00iap.rpy", 182], "Gallery.get_fraction": ["renpy/common/00gallery.rpy", 402], "director.find_statement": ["renpy/common/00director.rpy", 494], "layeredimage.Always.get_displayable": ["renpy/common/00layeredimage.rpy", 487], "MusicRoom.RandomPlay": ["renpy/common/00musicroom.rpy", 419], "_default_with_callback": ["renpy/common/00obsolete.rpy", 128], "Notify.__call__": ["renpy/common/00action_other.rpy", 207], "_console.DebugConsole.run": ["renpy/common/00console.rpy", 406], "MusicRoom.next": ["renpy/common/00musicroom.rpy", 380], "ToggleMute.__call__": ["renpy/common/00action_audio.rpy", 214], "_": ["renpy/common/00obsolete.rpy", 47], "icon.Icon.find_image": ["renpy/common/00icon.rpy", 36], "_m1_00screen__DisplayAction.get_sensitive": ["renpy/common/00preferences.rpy", 50], "_console.ConsoleHistoryEntry.__init__": ["renpy/common/00console.rpy", 179], "SetField.__call__": ["renpy/common/00action_data.rpy", 74], "layeredimage.parse_group": ["renpy/common/00layeredimage.rpy", 907], "_warper.easein_cubic": ["renpy/common/000atl.rpy", 82], "HideInterface.__call__": ["renpy/common/00action_other.rpy", 157], "_SetRenderer.__init__": ["renpy/common/00gltest.rpy", 38], "MusicRoom.queue_if_playing": ["renpy/common/00musicroom.rpy", 355], "FileCurrentPage": ["renpy/common/00action_file.rpy", 169], "_m1__errorhandling__YScrollValue.get_style": ["renpy/common/_errorhandling.rpym", 504], "achievement.grant_progress": ["renpy/common/00achievement.rpy", 318], "updater.UpdateVersion": ["renpy/common/00updater.rpy", 1342], "_m1__errorhandling__YScrollValue.__init__": ["renpy/common/_errorhandling.rpym", 494], "MusicRoom.ToggleSingleTrack": ["renpy/common/00musicroom.rpy", 513], "gui._gui_images": ["renpy/common/00gui.rpy", 392], "ToggleVoiceMute.__call__": ["renpy/common/00voice.rpy", 282], "_m1__errorhandling__XScrollValue.get_adjustment": ["renpy/common/_errorhandling.rpym", 483], "FieldInputValue.set_text": ["renpy/common/00inputvalues.rpy", 219], "build.make_file_lists": ["renpy/common/00build.rpy", 30], "Replay.get_sensitive": ["renpy/common/00action_other.rpy", 433], "Placeholder._duplicate": ["renpy/common/00placeholder.rpy", 195], "updater.Updater.add_dlc_state": ["renpy/common/00updater.rpy", 727], "SetItem.get_selected": ["game/hidden_code.rpy", 35], "layeredimage.LayeredImageProxy._choose_attributes": ["renpy/common/00layeredimage.rpy", 1126], "FilePageNext.predict": ["renpy/common/00action_file.rpy", 817], "RestartStatement.__call__": ["renpy/common/00action_other.rpy", 270], "ToggleField.__init__": ["renpy/common/00action_data.rpy", 201], "_warper.easeout": ["renpy/common/000atl.rpy", 40], "DictValue.changed": ["renpy/common/00barvalues.rpy", 171], "FilePagePrevious.__init__": ["renpy/common/00action_file.rpy", 847], "layeredimage.ConditionGroup.apply_format": ["renpy/common/00layeredimage.rpy", 407], "iap.AndroidBackend.wait_for_result": ["renpy/common/00iap.rpy", 141], "Queue.__call__": ["renpy/common/00action_audio.rpy", 105], "_console.renpy_watch": ["renpy/common/00console.rpy", 604], "achievement.SteamBackend.has": ["renpy/common/00achievement.rpy", 204], "_console.exit": ["renpy/common/00console.rpy", 555], "updater.Update.__call__": ["renpy/common/00updater.rpy", 1335], "AudioPositionValue.periodic": ["renpy/common/00barvalues.rpy", 544], "hyperlink_styler": ["renpy/common/00defaults.rpy", 186], "SetField.__init__": ["renpy/common/00action_data.rpy", 68], "_console.short": ["renpy/common/00console.rpy", 685], "_console.watch_after_load": ["renpy/common/00console.rpy", 629], "PlayCharacterVoice.__call__": ["renpy/common/00voice.rpy", 227], "_warper.ease_back": ["renpy/common/000atl.rpy", 173], "AnimatedValue.periodic": ["renpy/common/00barvalues.rpy", 85], "XScrollValue.get_style": ["renpy/common/00barvalues.rpy", 486], "_m1_00stylepreferences__change_language": ["renpy/common/00stylepreferences.rpy", 122], "director.SetTransition.__init__": ["renpy/common/00director.rpy", 1131], "Start.__init__": ["renpy/common/00action_menu.rpy", 137], "QueueEvent.__call__": ["renpy/common/00action_other.rpy", 500], "_m1_00gallery__GalleryImage.show": ["renpy/common/00gallery.rpy", 81], "MusicRoom.Stop": ["renpy/common/00musicroom.rpy", 440], "ScreenVariableValue.get_style": ["renpy/common/00barvalues.rpy", 431], "Return.__init__": ["renpy/common/00action_control.rpy", 53], "_warper.ease_cubic": ["renpy/common/000atl.rpy", 86], "layeredimage.RawCondition.__init__": ["renpy/common/00layeredimage.rpy", 389], "achievement.grant": ["renpy/common/00achievement.rpy", 261], "build.clear": ["renpy/common/00build.rpy", 179], "_predict_statements": ["renpy/common/00library.rpy", 217], "director.get_attributes": ["renpy/common/00director.rpy", 630], "_m1_00screen__TooltipAction.__init__": ["renpy/common/00action_other.rpy", 311], "Call.__init__": ["renpy/common/00action_control.rpy", 93], "gui.text_properties": ["renpy/common/00gui.rpy", 275], "NVLSpeaker.pop_nvl_list": ["renpy/common/00nvl_mode.rpy", 336], "RemoveFromSet.__call__": ["renpy/common/00action_data.rpy", 444], "_m1_00musicroom__MusicRoomPlay.periodic": ["renpy/common/00musicroom.rpy", 52], "SetMute.get_selected": ["renpy/common/00action_audio.rpy", 187], "ScreenVariableInputValue.__init__": ["renpy/common/00inputvalues.rpy", 171], "_m1_00action_file__unused_slot_name": ["renpy/common/00action_file.rpy", 153], "director.Stop.__call__": ["renpy/common/00director.rpy", 739], "_m1_00action_data__get_field": ["renpy/common/00action_data.rpy", 29], "_DisplayReset.__call__": ["renpy/common/00preferences.rpy", 73], "updater.Updater.unpack": ["renpy/common/00updater.rpy", 1024], "FilePagePrevious.__call__": ["renpy/common/00action_file.rpy", 878], "_help": ["renpy/common/00keymap.rpy", 212], "RollForward.__call__": ["renpy/common/00action_other.rpy", 282], "director.audio_code_to_filename": ["renpy/common/00director.rpy", 100], "_SplineInterpolator.init_values": ["renpy/common/00splines.rpy", 64], "Confirm.__call__": ["renpy/common/00action_other.rpy", 572], "MusicRoom.periodic": ["renpy/common/00musicroom.rpy", 225], "Gallery.transform": ["renpy/common/00gallery.rpy", 262], "GetCharacterVolume": ["renpy/common/00voice.rpy", 188], "achievement.Backend.has": ["renpy/common/00achievement.rpy", 61], "MusicRoom.is_unlocked": ["renpy/common/00musicroom.rpy", 274], "Placeholder.render": ["renpy/common/00placeholder.rpy", 205], "_navigation": ["renpy/common/_layout/classic_navigation.rpym", 39], "_m1_developer__FPSMeter.__call__": ["renpy/common/_developer/developer.rpym", 348], "layeredimage.RawAttributeGroup.__init__": ["renpy/common/00layeredimage.rpy", 273], "_m1_00themes__AWTBullet": ["renpy/common/00themes.rpy", 790], "layeredimage.LayeredImage.format": ["renpy/common/00layeredimage.rpy", 593], "_m1_00gallery__GalleryToggleSlideshow.__init__": ["renpy/common/00gallery.rpy", 131], "hyperlink_sensitive": ["renpy/common/00defaults.rpy", 205], "_voice_history_callback": ["renpy/common/00voice.rpy", 393], "_m1_00action_other__TooltipAction.__init__": ["renpy/common/00action_other.rpy", 311], "NVLSpeaker.do_add": ["renpy/common/00nvl_mode.rpy", 339], "_console.DebugConsole.newer": ["renpy/common/00console.rpy", 312], "_memory_profile": ["renpy/common/00keymap.rpy", 323], "_console.BoundedList.clear": ["renpy/common/00console.rpy", 169], "Gallery.Previous": ["renpy/common/00gallery.rpy", 550], "DictInputValue.get_text": ["renpy/common/00inputvalues.rpy", 248], "InputValue.Disable": ["renpy/common/00inputvalues.rpy", 105], "Gallery.allprior": ["renpy/common/00gallery.rpy", 302], "SensitiveIf.__call__": ["renpy/common/00action_other.rpy", 130], "layeredimage.LayeredImage._choose_attributes": ["renpy/common/00layeredimage.rpy", 726], "_console.DebugConsole.show_stdio": ["renpy/common/00console.rpy", 369], "SetDict.get_selected": ["renpy/common/00action_data.rpy", 115], "build.package": ["renpy/common/00build.rpy", 260], "layeredimage.Attribute.apply_format": ["renpy/common/00layeredimage.rpy", 227], "_console.ScriptErrorHandler.__init__": ["renpy/common/00console.rpy", 227]}, "screen": {"_exception": ["renpy/common/_errorhandling.rpym", 561], "load": ["game/screens.rpy", 615], "director_move_button": ["renpy/common/00director.rpy", 1477], "_style_inspector": ["renpy/common/_developer/inspector.rpym", 109], "help": ["game/screens.rpy", 995], "_inspector": ["renpy/common/_developer/inspector.rpym", 27], "_choose_renderer": ["renpy/common/00gltest.rpy", 54], "_ctc": ["renpy/common/00library.rpy", 414], "director_statement": ["renpy/common/00director.rpy", 1559], "menu_puerta": ["game/script.rpy", 392], "say": ["game/screens.rpy", 98], "_accessibility": ["renpy/common/00accessibility.rpy", 104], "notify": ["game/screens.rpy", 1280], "_variable_viewer": ["renpy/common/_developer/developer.rpym", 113], "main_menu": ["game/screens.rpy", 353], "keyboard_help": ["game/screens.rpy", 1024], "director_attributes": ["renpy/common/00director.rpy", 1704], "director_audio_statement": ["renpy/common/00director.rpy", 1599], "_trace_screen": ["renpy/common/00console.rpy", 780], "nvl": ["game/screens.rpy", 1319], "preferences": ["game/screens.rpy", 738], "confirm": ["game/screens.rpy", 1160], "_image_load_log": ["renpy/common/_developer/developer.rpym", 604], "jigsaw": ["game/script.rpy", 82], "director_channel": ["renpy/common/00director.rpy", 1778], "iconbutton": ["renpy/common/00iconbutton.rpy", 32], "_gallery": ["renpy/common/00gallery.rpy", 588], "choice": ["game/screens.rpy", 207], "mouse_help": ["game/screens.rpy", 1071], "input": ["game/screens.rpy", 174], "director_lines": ["renpy/common/00director.rpy", 1492], "save": ["game/screens.rpy", 608], "director_kind": ["renpy/common/00director.rpy", 1667], "skip_indicator": ["game/screens.rpy", 1224], "file_slots": ["game/screens.rpy", 622], "_image_attributes": ["renpy/common/_developer/developer.rpym", 74], "_gamepad_control": ["renpy/common/00gamepad.rpy", 44], "_progress": ["renpy/common/00keymap.rpy", 342], "_auto_voice": ["renpy/common/00voice.rpy", 501], "gamepad_help": ["game/screens.rpy", 1094], "image_menu": ["game/script.rpy", 76], "director_behind": ["renpy/common/00director.rpy", 1741], "director_audio": ["renpy/common/00director.rpy", 1796], "_console": ["renpy/common/00console.rpy", 695], "_directx_update": ["renpy/common/00gltest.rpy", 257], "director": ["renpy/common/00director.rpy", 1817], "game_menu": ["game/screens.rpy", 431], "_self_voicing": ["renpy/common/00preferences.rpy", 543], "updater": ["renpy/common/00updater.rpy", 1429], "director_choices": ["renpy/common/00director.rpy", 1645], "_performance_warning": ["renpy/common/00gltest.rpy", 206], "_parse_errors": ["renpy/common/_errorhandling.rpym", 640], "_developer": ["renpy/common/_developer/developer.rpym", 27], "director_with_statement": ["renpy/common/00director.rpy", 1587], "quick_menu": ["game/screens.rpy", 1442], "about": ["game/screens.rpy", 563], "_image_location_picker": ["renpy/common/_developer/developer.rpym", 493], "director_transform": ["renpy/common/00director.rpy", 1722], "nvl_dialogue": ["game/screens.rpy", 1352], "_exception_actions": ["renpy/common/_errorhandling.rpym", 536], "_missing_images": ["renpy/common/_developer/developer.rpym", 300], "_performance": ["renpy/common/00performance.rpy", 29], "rhythm_game": ["game/renpythm/rhythm_game_displayable.rpy", 13], "hidden_object": ["game/hidden_code.rpy", 79], "_gamepad_select": ["renpy/common/00gamepad.rpy", 22], "director_footer": ["renpy/common/00director.rpy", 1617], "history": ["game/screens.rpy", 904], "navigation": ["game/screens.rpy", 292], "director_tag": ["renpy/common/00director.rpy", 1688], "director_with": ["renpy/common/00director.rpy", 1760], "gallery_navigation": ["renpy/common/00gallery.rpy", 605]}, "define": {"gui.accent_color": ["game/gui.rpy", 26], "gui.interface_text_size": ["game/gui.rpy", 72], "build.name": ["game/options.rpy", 40], "gui.bar_tile": ["game/gui.rpy", 317], "gui.nvl_thought_xpos": ["game/gui.rpy", 398], "gui.slot_button_text_idle_color": ["game/gui.rpy", 229], "config.history_length": ["game/gui.rpy", 344], "config.after_load_transition": ["game/options.rpy", 86], "gui.page_spacing": ["game/gui.rpy", 270], "gui.page_button_borders": ["game/gui.rpy", 187], "gui.idle_color": ["game/gui.rpy", 29], "config.enter_transition": ["game/options.rpy", 75], "config.window": ["game/options.rpy", 108], "gui.slider_tile": ["game/gui.rpy", 319], "gui.notify_ypos": ["game/gui.rpy", 255], "gui.nvl_button_xalign": ["game/gui.rpy", 405], "gui.nvl_spacing": ["game/gui.rpy", 381], "fade": ["renpy/common/00definitions.rpy", 333], "_nvl_language": ["renpy/common/00nvl_mode.rpy", 45], "gui.frame_borders": ["game/gui.rpy", 285], "blinds": ["renpy/common/00definitions.rpy", 373], "gui.slot_button_borders": ["game/gui.rpy", 226], "wipeleft": ["renpy/common/00definitions.rpy", 339], "gui.scrollbar_borders": ["game/gui.rpy", 323], "pushright": ["renpy/common/00definitions.rpy", 357], "gui.pref_spacing": ["game/gui.rpy", 264], "gui.dialogue_text_xalign": ["game/gui.rpy", 138], "gui.nvl_text_xpos": ["game/gui.rpy", 391], "config.window_icon": ["game/options.rpy", 153], "_narrator": ["renpy/common/00definitions.rpy", 377], "game": ["game/script.rpy", 6], "gui.dialogue_ypos": ["game/gui.rpy", 131], "vcentered": ["renpy/common/00definitions.rpy", 379], "config.has_sound": ["game/options.rpy", 48], "d": ["game/script.rpy", 4], "gui.button_text_font": ["game/gui.rpy", 160], "gui.nvl_name_ypos": ["game/gui.rpy", 386], "gui.game_menu_background": ["game/gui.rpy", 88], "IMG_DIR": ["game/renpythm/rhythm_game_displayable.rpy", 6], "irisout": ["renpy/common/00definitions.rpy", 353], "gui.choice_button_text_hover_color": ["game/gui.rpy", 213], "gui.nvl_button_xpos": ["game/gui.rpy", 404], "gui.name_xalign": ["game/gui.rpy", 112], "IMG_UP": ["game/renpythm/rhythm_game_displayable.rpy", 7], "irisin": ["renpy/common/00definitions.rpy", 354], "gui.namebox_borders": ["game/gui.rpy", 121], "gui.frame_tile": ["game/gui.rpy", 297], "gui.nvl_text_xalign": ["game/gui.rpy", 394], "gui.vbar_borders": ["game/gui.rpy", 327], "config.end_game_transition": ["game/options.rpy", 91], "slideawayleft": ["renpy/common/00definitions.rpy", 349], "gui.dialogue_xpos": ["game/gui.rpy", 130], "wipedown": ["renpy/common/00definitions.rpy", 341], "wiperight": ["renpy/common/00definitions.rpy", 338], "slideawaydown": ["renpy/common/00definitions.rpy", 351], "gui.main_menu_text_xalign": ["game/gui.rpy", 276], "config.version": ["game/options.rpy", 27], "gui.history_text_width": ["game/gui.rpy", 360], "gui.radio_button_borders": ["game/gui.rpy", 181], "gui.button_text_size": ["game/gui.rpy", 163], "slideleft": ["renpy/common/00definitions.rpy", 344], "config.window_hide_transition": ["game/options.rpy", 114], "gui.about": ["game/options.rpy", 33], "pixellate": ["renpy/common/00definitions.rpy", 335], "gui.vslider_borders": ["game/gui.rpy", 329], "squares": ["renpy/common/00definitions.rpy", 374], "slideright": ["renpy/common/00definitions.rpy", 343], "gui.choice_button_borders": ["game/gui.rpy", 208], "config.intra_transition": ["game/options.rpy", 81], "gui.slot_button_width": ["game/gui.rpy", 224], "gui.choice_button_text_xalign": ["game/gui.rpy", 211], "gui.history_name_xpos": ["game/gui.rpy", 352], "IMG_RIGHT": ["game/renpythm/rhythm_game_displayable.rpy", 9], "gui.show_name": ["game/options.rpy", 22], "gui.slot_button_text_selected_hover_color": ["game/gui.rpy", 231], "gui.title_text_size": ["game/gui.rpy", 81], "gui.slot_button_text_selected_idle_color": ["game/gui.rpy", 230], "pushleft": ["renpy/common/00definitions.rpy", 358], "gui.button_text_idle_color": ["game/gui.rpy", 166], "gui.notify_frame_borders": ["game/gui.rpy", 294], "IMG_LEFT": ["game/renpythm/rhythm_game_displayable.rpy", 8], "hpunch": ["renpy/common/00definitions.rpy", 370], "gui.navigation_xpos": ["game/gui.rpy", 249], "gui.slot_button_height": ["game/gui.rpy", 225], "gui.history_text_ypos": ["game/gui.rpy", 359], "config.nvl_list_length": ["game/screens.rpy", 1373], "_version": ["renpy/common/00defaults.rpy", 226], "config.name": ["game/options.rpy", 16], "dissolve": ["renpy/common/00definitions.rpy", 334], "gui.notify_text_size": ["game/gui.rpy", 78], "config.has_voice": ["game/options.rpy", 50], "gui.selected_color": ["game/gui.rpy", 39], "gui.history_text_xpos": ["game/gui.rpy", 358], "gui.skip_frame_borders": ["game/gui.rpy", 291], "gui.confirm_button_text_xalign": ["game/gui.rpy", 185], "gui.text_font": ["game/gui.rpy", 57], "config.thumbnail_width": ["game/gui.rpy", 234], "gui.main_menu_background": ["game/gui.rpy", 87], "gui.button_width": ["game/gui.rpy", 148], "gui.button_text_selected_color": ["game/gui.rpy", 168], "gui.nvl_thought_ypos": ["game/gui.rpy", 399], "config.save_directory": ["game/options.rpy", 146], "gui.skip_ypos": ["game/gui.rpy", 252], "IMG_DOWN": ["game/renpythm/rhythm_game_displayable.rpy", 10], "gui.namebox_tile": ["game/gui.rpy", 125], "gui.nvl_text_width": ["game/gui.rpy", 393], "gui.hover_color": ["game/gui.rpy", 35], "gui.interface_text_color": ["game/gui.rpy", 51], "gui.navigation_spacing": ["game/gui.rpy", 261], "gui.slot_button_text_size": ["game/gui.rpy", 227], "gui.idle_small_color": ["game/gui.rpy", 32], "config.exit_transition": ["game/options.rpy", 76], "gui.button_text_xalign": ["game/gui.rpy", 173], "gui.name_xpos": ["game/gui.rpy", 107], "gui.name_text_size": ["game/gui.rpy", 69], "slideawayup": ["renpy/common/00definitions.rpy", 350], "gui.file_slot_rows": ["game/gui.rpy", 239], "gui.button_text_insensitive_color": ["game/gui.rpy", 169], "slidedown": ["renpy/common/00definitions.rpy", 346], "gui.hover_muted_color": ["game/gui.rpy", 47], "gui.scrollbar_size": ["game/gui.rpy", 312], "gui.quick_button_text_selected_color": ["game/gui.rpy", 192], "gui.nvl_text_ypos": ["game/gui.rpy", 392], "gui.history_height": ["game/gui.rpy", 348], "centered": ["renpy/common/00definitions.rpy", 378], "gui.text_size": ["game/gui.rpy", 66], "gui.unscrollable": ["game/gui.rpy", 333], "wipeup": ["renpy/common/00definitions.rpy", 340], "gui.choice_button_text_font": ["game/gui.rpy", 209], "gui.slot_spacing": ["game/gui.rpy", 273], "gui.quick_button_text_idle_color": ["game/gui.rpy", 191], "_menu": ["renpy/common/00gamemenu.rpy", 136], "config.narrator_menu": ["game/screens.rpy", 217], "gui.nvl_height": ["game/gui.rpy", 377], "gui.choice_button_height": ["game/gui.rpy", 206], "gui.nvl_list_length": ["game/gui.rpy", 373], "quick_menu": ["game/screens.rpy", 271], "gui.insensitive_color": ["game/gui.rpy", 42], "gui.bar_borders": ["game/gui.rpy", 322], "gui.dialogue_width": ["game/gui.rpy", 134], "gui.scrollbar_tile": ["game/gui.rpy", 318], "gui.quick_button_text_size": ["game/gui.rpy", 190], "zoomout": ["renpy/common/00definitions.rpy", 364], "config.has_music": ["game/options.rpy", 49], "_console.traced_expressions": ["renpy/common/00console.rpy", 778], "gui.textbox_height": ["game/gui.rpy", 97], "gui.file_slot_cols": ["game/gui.rpy", 238], "r": ["game/script.rpy", 2], "gui.text_color": ["game/gui.rpy", 50], "gui.history_name_xalign": ["game/gui.rpy", 355], "zoominout": ["renpy/common/00definitions.rpy", 365], "gui.namebox_height": ["game/gui.rpy", 117], "gui.button_text_hover_color": ["game/gui.rpy", 167], "gui.textbox_yalign": ["game/gui.rpy", 101], "slideup": ["renpy/common/00definitions.rpy", 345], "gui.nvl_name_width": ["game/gui.rpy", 387], "gui.choice_button_text_idle_color": ["game/gui.rpy", 212], "config.main_menu_music": ["game/gui.rpy", 336], "gui.button_borders": ["game/gui.rpy", 153], "gui.button_tile": ["game/gui.rpy", 157], "pushdown": ["renpy/common/00definitions.rpy", 360], "gui.nvl_thought_width": ["game/gui.rpy", 400], "gui.choice_button_tile": ["game/gui.rpy", 207], "gui.history_name_width": ["game/gui.rpy", 354], "_history": ["renpy/common/00library.rpy", 419], "gui.language": ["game/gui.rpy", 414], "slideawayright": ["renpy/common/00definitions.rpy", 348], "vpunch": ["renpy/common/00definitions.rpy", 369], "pushup": ["renpy/common/00definitions.rpy", 359], "gui.nvl_name_xalign": ["game/gui.rpy", 388], "gui.label_text_size": ["game/gui.rpy", 75], "gui.nvl_thought_xalign": ["game/gui.rpy", 401], "gui.namebox_width": ["game/gui.rpy", 116], "_history_list": ["renpy/common/00library.rpy", 420], "gui.choice_button_text_insensitive_color": ["game/gui.rpy", 214], "gui.slider_borders": ["game/gui.rpy", 324], "gui.history_allow_tags": ["game/screens.rpy", 945], "gui.name_text_font": ["game/gui.rpy", 60], "gui.name_ypos": ["game/gui.rpy", 108], "gui.nvl_borders": ["game/gui.rpy", 369], "gui.pref_button_spacing": ["game/gui.rpy", 267], "config.thumbnail_height": ["game/gui.rpy", 235], "zoomin": ["renpy/common/00definitions.rpy", 363], "gui.bar_size": ["game/gui.rpy", 311], "gui.choice_button_width": ["game/gui.rpy", 205], "gui.interface_text_font": ["game/gui.rpy", 63], "gui.muted_color": ["game/gui.rpy", 46], "gui.history_name_ypos": ["game/gui.rpy", 353], "gui.slot_button_text_xalign": ["game/gui.rpy", 228], "gui.nvl_name_xpos": ["game/gui.rpy", 385], "gui.confirm_frame_borders": ["game/gui.rpy", 288], "gui.slider_size": ["game/gui.rpy", 313], "config.window_show_transition": ["game/options.rpy", 113], "gui.history_text_xalign": ["game/gui.rpy", 361], "THIS_PATH": ["game/renpythm/rhythm_game_displayable.rpy", 3], "gui.button_height": ["game/gui.rpy", 149], "gui.check_button_borders": ["game/gui.rpy", 183], "gui.choice_spacing": ["game/gui.rpy", 258], "gui.quick_button_borders": ["game/gui.rpy", 189], "gui.choice_button_text_size": ["game/gui.rpy", 210], "gui.vscrollbar_borders": ["game/gui.rpy", 328]}, "transform": {"reset": ["renpy/common/00definitions.rpy", 29], "truecenter": ["renpy/common/00definitions.rpy", 43], "right": ["renpy/common/00definitions.rpy", 37], "center": ["renpy/common/00definitions.rpy", 40], "_moveleft": ["renpy/common/00definitions.rpy", 70], "topleft": ["renpy/common/00definitions.rpy", 46], "default": ["renpy/common/00definitions.rpy", 64], "top": ["renpy/common/00definitions.rpy", 52], "_movebottom": ["renpy/common/00definitions.rpy", 79], "topright": ["renpy/common/00definitions.rpy", 49], "delayed_blink": ["game/screens.rpy", 1242], "_movetop": ["renpy/common/00definitions.rpy", 76], "_moveright": ["renpy/common/00definitions.rpy", 73], "notify_appear": ["game/screens.rpy", 1291], "offscreenleft": ["renpy/common/00definitions.rpy", 58], "_notify_transform": ["renpy/common/00action_other.rpy", 654], "offscreenright": ["renpy/common/00definitions.rpy", 61], "left": ["renpy/common/00definitions.rpy", 34]}, "label": {"_game_menu_preferences": ["renpy/common/00gamemenu.rpy", 194], "_return_skipping": ["renpy/common/00gamemenu.rpy", 209], "preferences_screen": ["renpy/common/_layout/screen_preferences.rpym", 26], "afterPuzzleOne": ["game/script.rpy", 165], "_call__load_reload_game_1": ["renpy/common/00start.rpy", 212], "iniciar": ["game/script.rpy", 139], "win": ["game/script.rpy", 157], "_choose_renderer": ["renpy/common/00gltest.rpy", 473], "_debugger_screen": ["renpy/common/_developer/developer.rpym", 158], "_return_fast_skipping": ["renpy/common/00gamemenu.rpy", 205], "_confirm_quit": ["renpy/common/00gamemenu.rpy", 228], "puzzleRitmico": ["game/script.rpy", 328], "continuepasillo": ["game/script.rpy", 362], "_load_reload_game": ["renpy/common/00keymap.rpy", 451], "_start": ["renpy/common/00start.rpy", 184], "_directx_update": ["renpy/common/00gltest.rpy", 454], "_quit": ["renpy/common/00gamemenu.rpy", 202], "_game_menu_load": ["renpy/common/00gamemenu.rpy", 186], "_invoke_main_menu": ["renpy/common/00start.rpy", 270], "start": ["game/script.rpy", 45], "main_menu_screen": ["renpy/common/_layout/screen_main_menu.rpym", 26], "_quit_prompt": ["renpy/common/00layout.rpy", 75], "_noisy_return": ["renpy/common/00gamemenu.rpy", 214], "_call__enter_game_menu_1": ["renpy/common/00gamemenu.rpy", 179], "_call__enter_game_menu_0": ["renpy/common/00gamemenu.rpy", 166], "_call__enter_game_menu_3": ["renpy/common/00gamemenu.rpy", 195], "_call__enter_game_menu_2": ["renpy/common/00gamemenu.rpy", 187], "puzzleBusqueda": ["game/script.rpy", 414], "_filename_list": ["renpy/common/_developer/developer.rpym", 577], "puzzle": ["game/script.rpy", 134], "_main_menu_prompt": ["renpy/common/00layout.rpy", 84], "_image_attributes": ["renpy/common/_developer/developer.rpym", 105], "_console_return": ["renpy/common/00console.rpy", 810], "googol": ["game/script.rpy", 207], "save_screen": ["renpy/common/_layout/screen_load_save.rpym", 32], "_main_menu_screen": ["renpy/common/00start.rpy", 304], "_hide_windows": ["renpy/common/00keymap.rpy", 402], "_gl_test": ["renpy/common/00gltest.rpy", 438], "_after_warp": ["renpy/common/00start.rpy", 126], "silbonAparicion": ["game/script.rpy", 397], "_renpy_return": ["renpy/common/00library.rpy", 397], "_console": ["renpy/common/00console.rpy", 804], "joystick_preferences_screen": ["renpy/common/_layout/classic_joystick_preferences.rpym", 118], "_start_replay": ["renpy/common/00start.rpy", 158], "_directx_update_main": ["renpy/common/00gltest.rpy", 459], "_errorhandling": ["renpy/common/_errorhandling.rpym", 44], "_start_store": ["renpy/common/00start.rpy", 142], "_save_reload_game": ["renpy/common/00keymap.rpy", 420], "_splashscreen": ["renpy/common/00start.rpy", 170], "_developer": ["renpy/common/00library.rpy", 402], "_game_menu_save": ["renpy/common/00gamemenu.rpy", 178], "_theme_test": ["renpy/common/_developer/developer.rpym", 205], "_image_location_picker_done": ["renpy/common/_developer/developer.rpym", 573], "_fps_meter": ["renpy/common/_developer/developer.rpym", 364], "_image_location_picker": ["renpy/common/_developer/developer.rpym", 531], "_call_enter_game_menu_1": ["renpy/common/00gamemenu.rpy", 152], "_call_splashscreen_1": ["renpy/common/00start.rpy", 233], "_main_menu": ["renpy/common/00start.rpy", 288], "_after_load": ["renpy/common/00start.rpy", 86], "final": ["game/script.rpy", 478], "_enter_game_menu": ["renpy/common/00gamemenu.rpy", 146], "load_screen": ["renpy/common/_layout/screen_load_save.rpym", 26], "_game_menu": ["renpy/common/00gamemenu.rpy", 160], "_return": ["renpy/common/00gamemenu.rpy", 218], "_style_reset": ["renpy/common/00style.rpy", 392], "afterBusqueda": ["game/script.rpy", 455], "afterGoogol": ["game/script.rpy", 229], "splashscreen": ["game/screens.rpy", 422]}}, "error": false, "size": [1280, 720], "build": {"documentation_patterns": ["*.html", "*.txt"], "directory_name": "YEseSilbido-1.0", "display_name": "Y Ese Silbido", "script_version": true, "destination": "YEseSilbido-1.0-dists", "renpy": false, "allow_integrated_gpu": true, "include_update": false, "base_patterns": [["*.py", null], ["*.sh", null], ["*.app/", null], ["*.dll", null], ["*.manifest", null], ["lib/", null], ["renpy/", null], ["update/", null], ["common/", null], ["update/", null], ["icon.ico", null], ["icon.icns", null], ["project.json", null], ["log.txt", null], ["errors.txt", null], ["traceback.txt", null], ["image_cache.txt", null], ["text_overflow.txt", null], ["dialogue.txt", null], ["dialogue.tab", null], ["profile_screen.txt", null], ["files.txt", null], ["tmp/", null], ["game/saves/", null], ["game/bytecode.rpyb", null], ["archived/", null], ["launcherinfo.py", null], ["android.txt", null], [".android.json", ["android"]], ["android-*.png", ["android"]], ["android-*.jpg", ["android"]], ["ouya_icon.png", null], ["ios-presplash.*", ["ios"]], ["ios-launchimage.png", null], ["ios-icon.png", null], ["web-presplash.png", ["web"]], ["web-presplash.jpg", ["web"]], ["**~", null], ["**.bak", null], ["**/.**", null], ["**/#**", null], ["**/thumbs.db", null], [".*", null], ["**", ["all"]]], "version": "1.0", "archives": [["archive", ["all"]]], "xbit_patterns": ["**.sh", "**/*.so.*", "**/*.so", "**/*.dylib", "lib/**/python", "lib/**/pythonw", "lib/**/zsync", "lib/**/zsyncmake", "**.app/Contents/MacOS/*", "**.app/Contents/MacOS/lib/**/python", "**.app/Contents/MacOS/lib/**/pythonw", "**.app/Contents/MacOS/lib/**/zsync", "**.app/Contents/MacOS/lib/**/zsyncmake"], "exclude_empty_directories": true, "renpy_patterns": [["renpy/common/_compat/**", null], ["renpy/common/_roundrect/**", null], ["renpy/common/_outline/**", null], ["renpy/common/_theme**", null], ["lib/**/_ssl.*", null], ["**~", null], ["**/#*", null], ["**/.*", null], ["**.old", null], ["**.new", null], ["**.rpa", null], ["**/*.pyc", null], ["renpy.py", ["all"]], ["renpy/", ["all"]], ["renpy/**.py", ["renpy"]], ["renpy/**.pyx", ["renpy"]], ["renpy/**.pyd", ["renpy"]], ["renpy/**.pxi", ["renpy"]], ["renpy/common/", ["all"]], ["renpy/common/_compat/**", ["renpy"]], ["renpy/common/**.rpy", ["renpy"]], ["renpy/common/**.rpym", ["renpy"]], ["renpy/common/_compat/**", ["renpy"]], ["renpy/common/**", ["all"]], ["renpy/**", ["all"]], ["lib/*/renpy", null], ["lib/*/renpy.exe", null], ["lib/windows-i686/**", ["windows"]], ["lib/linux-*/**", ["linux"]], ["lib/darwin-x86_64/**", ["mac"]], ["/lib/**", ["windows", "linux", "mac"]], ["renpy.sh", ["linux", "mac"]]], "packages": [{"dlc": false, "hidden": false, "description": "PC: Windows and Linux", "formats": ["zip"], "file_lists": ["windows", "linux", "renpy", "all"], "update": true, "name": "pc"}, {"dlc": false, "hidden": false, "description": "Linux x86/x86_64", "formats": ["tar.bz2"], "file_lists": ["linux", "renpy", "all"], "update": true, "name": "linux"}, {"dlc": false, "hidden": false, "description": "Macintosh x86_64", "formats": ["app-zip", "app-dmg"], "file_lists": ["mac", "renpy", "all"], "update": true, "name": "mac"}, {"dlc": false, "hidden": false, "description": "Windows x86", "formats": ["zip"], "file_lists": ["windows", "renpy", "all"], "update": true, "name": "win"}, {"dlc": false, "hidden": false, "description": "Windows, Mac, Linux for Markets", "formats": ["zip"], "file_lists": ["windows", "linux", "mac", "renpy", "all"], "update": true, "name": "market"}, {"dlc": false, "hidden": true, "description": "steam", "formats": ["zip"], "file_lists": ["windows", "linux", "mac", "renpy", "all"], "update": true, "name": "steam"}, {"dlc": true, "hidden": true, "description": "android", "formats": ["directory"], "file_lists": ["android", "all"], "update": false, "name": "android"}, {"dlc": true, "hidden": true, "description": "ios", "formats": ["directory"], "file_lists": ["ios", "all"], "update": false, "name": "ios"}, {"dlc": true, "hidden": false, "description": "web", "formats": ["zip"], "file_lists": ["web", "all"], "update": false, "name": "web"}], "executable_name": "YEseSilbido"}}