{"name": "Y Ese Silbido", "version": "1.0", "location": {"callable": {}, "screen": {"load": ["game/screens.rpy", 606], "help": ["game/screens.rpy", 986], "say": ["game/screens.rpy", 98], "notify": ["game/screens.rpy", 1271], "keyboard_help": ["game/screens.rpy", 1015], "gamepad_help": ["game/screens.rpy", 1085], "preferences": ["game/screens.rpy", 729], "confirm": ["game/screens.rpy", 1151], "jigsaw": ["game/script.rpy", 102], "mouse_help": ["game/screens.rpy", 1062], "input": ["game/screens.rpy", 174], "save": ["game/screens.rpy", 599], "skip_indicator": ["game/screens.rpy", 1215], "file_slots": ["game/screens.rpy", 613], "choice": ["game/screens.rpy", 207], "game_menu": ["game/screens.rpy", 422], "main_menu": ["game/screens.rpy", 353], "nvl": ["game/screens.rpy", 1310], "quick_menu": ["game/screens.rpy", 1433], "about": ["game/screens.rpy", 554], "nvl_dialogue": ["game/screens.rpy", 1343], "navigation": ["game/screens.rpy", 292], "history": ["game/screens.rpy", 895]}, "define": {"gui.accent_color": ["game/gui.rpy", 26], "gui.interface_text_size": ["game/gui.rpy", 72], "build.name": ["game/options.rpy", 40], "gui.bar_tile": ["game/gui.rpy", 317], "gui.nvl_thought_xpos": ["game/gui.rpy", 398], "gui.slot_button_text_idle_color": ["game/gui.rpy", 229], "config.history_length": ["game/gui.rpy", 344], "config.after_load_transition": ["game/options.rpy", 86], "gui.page_spacing": ["game/gui.rpy", 270], "gui.page_button_borders": ["game/gui.rpy", 187], "gui.idle_color": ["game/gui.rpy", 29], "config.window": ["game/options.rpy", 108], "gui.slider_tile": ["game/gui.rpy", 319], "gui.main_menu_text_xalign": ["game/gui.rpy", 276], "gui.nvl_button_xalign": ["game/gui.rpy", 405], "gui.nvl_text_ypos": ["game/gui.rpy", 392], "gui.frame_borders": ["game/gui.rpy", 285], "gui.nvl_list_length": ["game/gui.rpy", 373], "gui.slot_button_borders": ["game/gui.rpy", 226], "gui.scrollbar_borders": ["game/gui.rpy", 323], "config.enter_transition": ["game/options.rpy", 75], "gui.pref_spacing": ["game/gui.rpy", 264], "gui.dialogue_text_xalign": ["game/gui.rpy", 138], "gui.nvl_text_xpos": ["game/gui.rpy", 391], "config.window_icon": ["game/options.rpy", 153], "gui.muted_color": ["game/gui.rpy", 46], "game": ["game/script.rpy", 10], "gui.dialogue_ypos": ["game/gui.rpy", 131], "config.has_sound": ["game/options.rpy", 48], "d": ["game/script.rpy", 8], "gui.button_text_font": ["game/gui.rpy", 160], "gui.nvl_name_ypos": ["game/gui.rpy", 386], "gui.game_menu_background": ["game/gui.rpy", 88], "gui.choice_button_text_hover_color": ["game/gui.rpy", 213], "gui.nvl_button_xpos": ["game/gui.rpy", 404], "gui.name_xalign": ["game/gui.rpy", 112], "gui.namebox_borders": ["game/gui.rpy", 121], "gui.frame_tile": ["game/gui.rpy", 297], "gui.nvl_text_xalign": ["game/gui.rpy", 394], "gui.vbar_borders": ["game/gui.rpy", 327], "config.end_game_transition": ["game/options.rpy", 91], "gui.slot_button_text_size": ["game/gui.rpy", 227], "gui.dialogue_xpos": ["game/gui.rpy", 130], "gui.namebox_height": ["game/gui.rpy", 117], "config.version": ["game/options.rpy", 27], "gui.history_text_width": ["game/gui.rpy", 360], "gui.radio_button_borders": ["game/gui.rpy", 181], "gui.button_text_size": ["game/gui.rpy", 163], "config.window_hide_transition": ["game/options.rpy", 114], "gui.about": ["game/options.rpy", 33], "gui.vslider_borders": ["game/gui.rpy", 329], "gui.navigation_spacing": ["game/gui.rpy", 261], "gui.choice_button_borders": ["game/gui.rpy", 208], "config.intra_transition": ["game/options.rpy", 81], "gui.slot_button_width": ["game/gui.rpy", 224], "gui.choice_button_text_xalign": ["game/gui.rpy", 211], "gui.show_name": ["game/options.rpy", 22], "gui.slot_button_text_selected_hover_color": ["game/gui.rpy", 231], "gui.title_text_size": ["game/gui.rpy", 81], "gui.slot_button_text_selected_idle_color": ["game/gui.rpy", 230], "gui.button_text_idle_color": ["game/gui.rpy", 166], "gui.notify_frame_borders": ["game/gui.rpy", 294], "gui.navigation_xpos": ["game/gui.rpy", 249], "gui.slot_button_height": ["game/gui.rpy", 225], "gui.history_text_ypos": ["game/gui.rpy", 359], "config.nvl_list_length": ["game/screens.rpy", 1364], "gui.notify_text_size": ["game/gui.rpy", 78], "config.has_voice": ["game/options.rpy", 50], "gui.selected_color": ["game/gui.rpy", 39], "gui.history_text_xpos": ["game/gui.rpy", 358], "gui.skip_frame_borders": ["game/gui.rpy", 291], "gui.confirm_button_text_xalign": ["game/gui.rpy", 185], "gui.text_font": ["game/gui.rpy", 57], "gui.history_name_xpos": ["game/gui.rpy", 352], "gui.main_menu_background": ["game/gui.rpy", 87], "gui.button_width": ["game/gui.rpy", 148], "gui.button_text_selected_color": ["game/gui.rpy", 168], "gui.nvl_thought_ypos": ["game/gui.rpy", 399], "config.save_directory": ["game/options.rpy", 146], "gui.skip_ypos": ["game/gui.rpy", 252], "gui.namebox_tile": ["game/gui.rpy", 125], "gui.nvl_text_width": ["game/gui.rpy", 393], "gui.hover_color": ["game/gui.rpy", 35], "gui.interface_text_color": ["game/gui.rpy", 51], "config.thumbnail_width": ["game/gui.rpy", 234], "gui.idle_small_color": ["game/gui.rpy", 32], "config.exit_transition": ["game/options.rpy", 76], "gui.button_text_xalign": ["game/gui.rpy", 173], "gui.name_xpos": ["game/gui.rpy", 107], "gui.name_text_size": ["game/gui.rpy", 69], "gui.history_text_xalign": ["game/gui.rpy", 361], "gui.file_slot_rows": ["game/gui.rpy", 239], "gui.button_text_insensitive_color": ["game/gui.rpy", 169], "gui.hover_muted_color": ["game/gui.rpy", 47], "gui.scrollbar_size": ["game/gui.rpy", 312], "gui.quick_button_text_selected_color": ["game/gui.rpy", 192], "gui.nvl_thought_width": ["game/gui.rpy", 400], "gui.history_height": ["game/gui.rpy", 348], "gui.text_size": ["game/gui.rpy", 66], "gui.unscrollable": ["game/gui.rpy", 333], "gui.choice_button_text_font": ["game/gui.rpy", 209], "gui.slot_spacing": ["game/gui.rpy", 273], "gui.quick_button_text_idle_color": ["game/gui.rpy", 191], "config.window_show_transition": ["game/options.rpy", 113], "config.narrator_menu": ["game/screens.rpy", 217], "gui.nvl_height": ["game/gui.rpy", 377], "gui.choice_button_height": ["game/gui.rpy", 206], "gui.nvl_spacing": ["game/gui.rpy", 381], "quick_menu": ["game/screens.rpy", 271], "gui.insensitive_color": ["game/gui.rpy", 42], "gui.bar_borders": ["game/gui.rpy", 322], "gui.dialogue_width": ["game/gui.rpy", 134], "gui.scrollbar_tile": ["game/gui.rpy", 318], "gui.quick_button_text_size": ["game/gui.rpy", 190], "config.has_music": ["game/options.rpy", 49], "gui.textbox_height": ["game/gui.rpy", 97], "gui.file_slot_cols": ["game/gui.rpy", 238], "r": ["game/script.rpy", 6], "gui.text_color": ["game/gui.rpy", 50], "gui.history_name_xalign": ["game/gui.rpy", 355], "config.name": ["game/options.rpy", 16], "gui.button_text_hover_color": ["game/gui.rpy", 167], "gui.textbox_yalign": ["game/gui.rpy", 101], "gui.nvl_name_width": ["game/gui.rpy", 387], "gui.choice_button_text_idle_color": ["game/gui.rpy", 212], "config.main_menu_music": ["game/gui.rpy", 336], "gui.button_borders": ["game/gui.rpy", 153], "gui.button_tile": ["game/gui.rpy", 157], "gui.choice_button_tile": ["game/gui.rpy", 207], "gui.history_name_width": ["game/gui.rpy", 354], "gui.language": ["game/gui.rpy", 414], "gui.notify_ypos": ["game/gui.rpy", 255], "gui.nvl_name_xalign": ["game/gui.rpy", 388], "gui.label_text_size": ["game/gui.rpy", 75], "gui.nvl_thought_xalign": ["game/gui.rpy", 401], "gui.namebox_width": ["game/gui.rpy", 116], "gui.choice_button_text_insensitive_color": ["game/gui.rpy", 214], "gui.slider_borders": ["game/gui.rpy", 324], "gui.history_allow_tags": ["game/screens.rpy", 936], "gui.name_text_font": ["game/gui.rpy", 60], "gui.name_ypos": ["game/gui.rpy", 108], "gui.nvl_borders": ["game/gui.rpy", 369], "gui.pref_button_spacing": ["game/gui.rpy", 267], "config.thumbnail_height": ["game/gui.rpy", 235], "gui.bar_size": ["game/gui.rpy", 311], "gui.choice_button_width": ["game/gui.rpy", 205], "gui.interface_text_font": ["game/gui.rpy", 63], "gui.history_name_ypos": ["game/gui.rpy", 353], "gui.slot_button_text_xalign": ["game/gui.rpy", 228], "gui.nvl_name_xpos": ["game/gui.rpy", 385], "gui.confirm_frame_borders": ["game/gui.rpy", 288], "gui.slider_size": ["game/gui.rpy", 313], "gui.button_height": ["game/gui.rpy", 149], "gui.check_button_borders": ["game/gui.rpy", 183], "gui.choice_spacing": ["game/gui.rpy", 258], "gui.quick_button_borders": ["game/gui.rpy", 189], "gui.choice_button_text_size": ["game/gui.rpy", 210], "gui.vscrollbar_borders": ["game/gui.rpy", 328]}, "transform": {"delayed_blink": ["game/screens.rpy", 1233], "notify_appear": ["game/screens.rpy", 1282]}, "label": {"googol": ["game/script.rpy", 213], "afterPuzzleOne": ["game/script.rpy", 185], "iniciar": ["game/script.rpy", 159], "win": ["game/script.rpy", 177], "puzzle": ["game/script.rpy", 154], "start": ["game/script.rpy", 61], "puzzleRitmico": ["game/script.rpy", 344], "afterGoogol": ["game/script.rpy", 241]}}, "error": false, "size": [1280, 720], "build": {"documentation_patterns": ["*.html", "*.txt"], "directory_name": "YEseSilbido-1.0", "display_name": "YEseSilbido", "script_version": true, "destination": "YEseSilbido-1.0-dists", "renpy": false, "allow_integrated_gpu": true, "include_update": false, "base_patterns": [["*.py", null], ["*.sh", null], ["*.app/", null], ["*.dll", null], ["*.manifest", null], ["lib/", null], ["renpy/", null], ["update/", null], ["common/", null], ["update/", null], ["icon.ico", null], ["icon.icns", null], ["project.json", null], ["log.txt", null], ["errors.txt", null], ["traceback.txt", null], ["image_cache.txt", null], ["text_overflow.txt", null], ["dialogue.txt", null], ["dialogue.tab", null], ["profile_screen.txt", null], ["files.txt", null], ["tmp/", null], ["game/saves/", null], ["game/bytecode.rpyb", null], ["archived/", null], ["launcherinfo.py", null], ["android.txt", null], [".android.json", ["android"]], ["android-*.png", ["android"]], ["android-*.jpg", ["android"]], ["ouya_icon.png", ["android"]], ["ios-presplash.*", ["ios"]], ["**~", null], ["**.bak", null], ["**/.**", null], ["**/#**", null], ["**/thumbs.db", null], [".*", null], ["**", ["all"]]], "version": "1.0", "archives": [["archive", ["all"]]], "xbit_patterns": ["**.sh", "**/*.so.*", "**/*.so", "**/*.dylib", "lib/**/python", "lib/**/pythonw", "lib/**/zsync", "lib/**/zsyncmake", "**.app/Contents/MacOS/*", "**.app/Contents/MacOS/lib/**/python", "**.app/Contents/MacOS/lib/**/pythonw", "**.app/Contents/MacOS/lib/**/zsync", "**.app/Contents/MacOS/lib/**/zsyncmake"], "exclude_empty_directories": true, "renpy_patterns": [["renpy/common/_compat/**", null], ["renpy/common/_roundrect/**", null], ["renpy/common/_outline/**", null], ["renpy/common/_theme**", null], ["lib/**/_ssl.*", null], ["**~", null], ["**/#*", null], ["**/.*", null], ["**.old", null], ["**.new", null], ["**.rpa", null], ["**/*.pyc", null], ["renpy.py", ["renpy"]], ["renpy/", ["all"]], ["renpy/common/", ["all"]], ["renpy/common/_compat/**", ["renpy"]], ["renpy/common/**.rpy", ["renpy"]], ["renpy/common/**.rpym", ["renpy"]], ["renpy/common/_compat/**", ["renpy"]], ["renpy/common/**", ["all"]], ["renpy/**", ["renpy"]], ["lib/*/renpy", null], ["lib/*/renpy.exe", null], ["lib/windows-i686/**", ["windows"]], ["lib/linux-*/**", ["linux"]], ["lib/darwin-x86_64/**", ["mac"]], ["/lib/**", ["windows", "linux", "mac"]], ["renpy.sh", ["linux", "mac"]]], "packages": [{"dlc": false, "hidden": false, "description": "PC: Windows and Linux", "formats": ["zip"], "file_lists": ["windows", "linux", "renpy", "all"], "update": true, "name": "pc"}, {"dlc": false, "hidden": false, "description": "Linux x86/x86_64", "formats": ["tar.bz2"], "file_lists": ["linux", "renpy", "all"], "update": true, "name": "linux"}, {"dlc": false, "hidden": false, "description": "Macintosh x86_64", "formats": ["app-zip", "app-dmg"], "file_lists": ["mac", "renpy", "all"], "update": true, "name": "mac"}, {"dlc": false, "hidden": false, "description": "Windows x86", "formats": ["zip"], "file_lists": ["windows", "renpy", "all"], "update": true, "name": "win"}, {"dlc": false, "hidden": false, "description": "Windows, Mac, Linux for Markets", "formats": ["zip"], "file_lists": ["windows", "linux", "mac", "renpy", "all"], "update": true, "name": "market"}, {"dlc": false, "hidden": true, "description": "steam", "formats": ["zip"], "file_lists": ["windows", "linux", "mac", "renpy", "all"], "update": true, "name": "steam"}, {"dlc": true, "hidden": true, "description": "android", "formats": ["directory"], "file_lists": ["android", "renpy", "all"], "update": false, "name": "android"}, {"dlc": true, "hidden": true, "description": "ios", "formats": ["directory"], "file_lists": ["ios", "renpy", "all"], "update": false, "name": "ios"}], "executable_name": "YEseSilbido"}}